[INFO] Scanning for projects...
[INFO] 
[INFO] -------------------------< com.nexbid:nexbid >--------------------------
[INFO] Building nexbid 0.0.1-SNAPSHOT
[INFO]   from pom.xml
[INFO] --------------------------------[ jar ]---------------------------------
[INFO] 
[INFO] >>> spring-boot:4.1.1:run (default-cli) > test-compile @ nexbid >>>
[INFO] 
[INFO] --- resources:3.5.0:resources (default-resources) @ nexbid ---
[INFO] Copying 1 resource from src\main\resources to target\classes
[INFO] Copying 13 resources from src\main\resources to target\classes
[INFO] 
[INFO] --- compiler:3.15.0:compile (default-compile) @ nexbid ---
[INFO] Recompiling the module because of changed source code.
[INFO] Compiling 166 source files with javac [debug parameters release 21] to target\classes
[INFO] /D:/project/NexBid/backend/src/main/java/com/nexbid/auction/LotCache.java: Some input files use or override a deprecated API.
[INFO] /D:/project/NexBid/backend/src/main/java/com/nexbid/auction/LotCache.java: Recompile with -Xlint:deprecation for details.
[INFO] 
[INFO] --- resources:3.5.0:testResources (default-testResources) @ nexbid ---
[INFO] skip non existing resourceDirectory D:\project\NexBid\backend\src\test\resources
[INFO] 
[INFO] --- compiler:3.15.0:testCompile (default-testCompile) @ nexbid ---
[INFO] Recompiling the module because of changed dependency.
[INFO] Compiling 53 source files with javac [debug parameters release 21] to target\test-classes
[INFO] /D:/project/NexBid/backend/src/test/java/com/nexbid/auction/AuctionApprovalApiTest.java: Some input files use or override a deprecated API.
[INFO] /D:/project/NexBid/backend/src/test/java/com/nexbid/auction/AuctionApprovalApiTest.java: Recompile with -Xlint:deprecation for details.
[INFO] 
[INFO] <<< spring-boot:4.1.1:run (default-cli) < test-compile @ nexbid <<<
[INFO] 
[INFO] 
[INFO] --- spring-boot:4.1.1:run (default-cli) @ nexbid ---
[INFO] Attaching agents: []

  .   ____          _            __ _ _
 /\\ / ___'_ __ _ _(_)_ __  __ _ \ \ \ \
( ( )\___ | '_ | '_| | '_ \/ _` | \ \ \ \
 \\/  ___)| |_)| | | | | || (_| |  ) ) ) )
  '  |____| .__|_| |_|_| |_\__, | / / / /
 =========|_|==============|___/=/_/_/_/

 :: Spring Boot ::                (v4.1.1)

2026-09-25T07:40:06.348+07:00  INFO 29860 --- [nexbid] [           main] com.nexbid.NexbidApplication             : Starting NexbidApplication using Java 21.0.8 with PID 29860 (D:\project\NexBid\backend\target\classes started by pinle in D:\project\NexBid\backend)
2026-09-25T07:40:06.351+07:00 DEBUG 29860 --- [nexbid] [           main] com.nexbid.NexbidApplication             : Running with Spring Boot v4.1.1, Spring v7.0.9
2026-09-25T07:40:06.352+07:00  INFO 29860 --- [nexbid] [           main] com.nexbid.NexbidApplication             : No active profile set, falling back to 1 default profile: "default"
2026-09-25T07:40:07.096+07:00  INFO 29860 --- [nexbid] [           main] .s.d.r.c.RepositoryConfigurationDelegate : Multiple Spring Data modules found, entering strict repository configuration mode
2026-09-25T07:40:07.098+07:00  INFO 29860 --- [nexbid] [           main] .s.d.r.c.RepositoryConfigurationDelegate : Bootstrapping Spring Data JPA repositories in DEFAULT mode.
2026-09-25T07:40:07.222+07:00  INFO 29860 --- [nexbid] [           main] .s.d.r.c.RepositoryConfigurationDelegate : Finished Spring Data repository scanning in 118 ms. Found 12 JPA repository interfaces.
2026-09-25T07:40:07.813+07:00  INFO 29860 --- [nexbid] [           main] o.s.boot.tomcat.TomcatWebServer          : Tomcat initialized with port 8081 (http)
2026-09-25T07:40:07.827+07:00  INFO 29860 --- [nexbid] [           main] o.apache.catalina.core.StandardService   : Starting service [Tomcat]
2026-09-25T07:40:07.827+07:00  INFO 29860 --- [nexbid] [           main] o.apache.catalina.core.StandardEngine    : Starting Servlet engine: [Apache Tomcat/11.0.24]
2026-09-25T07:40:07.888+07:00  INFO 29860 --- [nexbid] [           main] b.w.c.s.WebApplicationContextInitializer : Root WebApplicationContext: initialization completed in 1491 ms
2026-09-25T07:40:08.008+07:00 DEBUG 29860 --- [nexbid] [           main] c.nexbid.auth.JwtAuthenticationFilter    : Filter 'jwtAuthenticationFilter' configured for use
2026-09-25T07:40:08.147+07:00  INFO 29860 --- [nexbid] [           main] com.zaxxer.hikari.HikariDataSource       : HikariPool-1 - Starting...
2026-09-25T07:40:08.262+07:00  INFO 29860 --- [nexbid] [           main] com.zaxxer.hikari.pool.HikariPool        : HikariPool-1 - Added connection org.postgresql.jdbc.PgConnection@201a8ea7
2026-09-25T07:40:08.263+07:00  INFO 29860 --- [nexbid] [           main] com.zaxxer.hikari.HikariDataSource       : HikariPool-1 - Start completed.
2026-09-25T07:40:08.280+07:00  INFO 29860 --- [nexbid] [           main] org.flywaydb.core.FlywayExecutor         : Database: jdbc:postgresql://127.0.0.1:55432/nexbid_verify (PostgreSQL 17.11)
2026-09-25T07:40:08.337+07:00  INFO 29860 --- [nexbid] [           main] o.f.c.i.s.JdbcTableSchemaHistory         : Schema history table "public"."flyway_schema_history" does not exist yet
2026-09-25T07:40:08.340+07:00  INFO 29860 --- [nexbid] [           main] o.f.core.internal.command.DbValidate     : Successfully validated 13 migrations (execution time 00:00.020s)
2026-09-25T07:40:08.356+07:00  INFO 29860 --- [nexbid] [           main] o.f.c.i.s.JdbcTableSchemaHistory         : Creating Schema History table "public"."flyway_schema_history" ...
2026-09-25T07:40:08.400+07:00  INFO 29860 --- [nexbid] [           main] o.f.core.internal.command.DbMigrate      : Current version of schema "public": << Empty Schema >>
2026-09-25T07:40:08.409+07:00  INFO 29860 --- [nexbid] [           main] o.f.core.internal.command.DbMigrate      : Migrating schema "public" to version "1 - create users and roles"
2026-09-25T07:40:08.455+07:00  INFO 29860 --- [nexbid] [           main] o.f.core.internal.command.DbMigrate      : Migrating schema "public" to version "2 - create categories"
2026-09-25T07:40:08.486+07:00  INFO 29860 --- [nexbid] [           main] o.f.core.internal.command.DbMigrate      : Migrating schema "public" to version "3 - create products"
2026-09-25T07:40:08.514+07:00  INFO 29860 --- [nexbid] [           main] o.f.core.internal.command.DbMigrate      : Migrating schema "public" to version "4 - create product images"
2026-09-25T07:40:08.542+07:00  INFO 29860 --- [nexbid] [           main] o.f.core.internal.command.DbMigrate      : Migrating schema "public" to version "5 - create auctions"
2026-09-25T07:40:08.576+07:00  INFO 29860 --- [nexbid] [           main] o.f.core.internal.command.DbMigrate      : Migrating schema "public" to version "6 - create bids"
2026-09-25T07:40:08.610+07:00  INFO 29860 --- [nexbid] [           main] o.f.core.internal.command.DbMigrate      : Migrating schema "public" to version "7 - auction winner"
2026-09-25T07:40:08.641+07:00  INFO 29860 --- [nexbid] [           main] o.f.core.internal.command.DbMigrate      : Migrating schema "public" to version "8 - create watchlists"
2026-09-25T07:40:08.668+07:00  INFO 29860 --- [nexbid] [           main] o.f.core.internal.command.DbMigrate      : Migrating schema "public" to version "9 - create notifications"
2026-09-25T07:40:08.698+07:00  INFO 29860 --- [nexbid] [           main] o.f.core.internal.command.DbMigrate      : Migrating schema "public" to version "10 - create auto bids"
2026-09-25T07:40:08.726+07:00  INFO 29860 --- [nexbid] [           main] o.f.core.internal.command.DbMigrate      : Migrating schema "public" to version "11 - create payments"
2026-09-25T07:40:08.758+07:00  INFO 29860 --- [nexbid] [           main] o.f.core.internal.command.DbMigrate      : Migrating schema "public" to version "12 - create orders"
2026-09-25T07:40:08.790+07:00  INFO 29860 --- [nexbid] [           main] o.f.core.internal.command.DbMigrate      : Migrating schema "public" to version "13 - create outbox"
2026-09-25T07:40:08.819+07:00  INFO 29860 --- [nexbid] [           main] o.f.core.internal.command.DbMigrate      : Successfully applied 13 migrations to schema "public", now at version v13 (execution time 00:00.164s)
2026-09-25T07:40:08.903+07:00  INFO 29860 --- [nexbid] [           main] org.hibernate.orm.jpa                    : HHH008540: Processing PersistenceUnitInfo [name: default]
2026-09-25T07:40:08.937+07:00  INFO 29860 --- [nexbid] [           main] org.hibernate.orm.core                   : HHH000001: Hibernate ORM core version 7.4.5.Final
2026-09-25T07:40:09.223+07:00  INFO 29860 --- [nexbid] [           main] o.s.o.j.p.SpringPersistenceUnitInfo      : No LoadTimeWeaver setup: ignoring JPA class transformer
2026-09-25T07:40:09.289+07:00  INFO 29860 --- [nexbid] [           main] org.hibernate.orm.connections.pooling    : HHH10001005: Database info:
	Database JDBC URL [jdbc:postgresql://127.0.0.1:55432/nexbid_verify]
	Database driver: PostgreSQL JDBC Driver
	Database dialect: PostgreSQLDialect
	Database version: 17.11
	Default catalog/schema: nexbid_verify/public
	Autocommit mode: undefined/unknown
	Isolation level: READ_COMMITTED [default READ_COMMITTED]
	JDBC fetch size: none
	Pool: DataSourceConnectionProvider
	Minimum pool size: undefined/unknown
	Maximum pool size: undefined/unknown
2026-09-25T07:40:10.202+07:00  INFO 29860 --- [nexbid] [           main] org.hibernate.orm.core                   : HHH000489: No JTA platform available (set 'hibernate.transaction.jta.platform' to enable JTA platform integration)
2026-09-25T07:40:10.242+07:00  INFO 29860 --- [nexbid] [           main] j.LocalContainerEntityManagerFactoryBean : Initialized JPA EntityManagerFactory for persistence unit 'default'
2026-09-25T07:40:10.318+07:00  INFO 29860 --- [nexbid] [           main] o.s.d.j.r.query.QueryEnhancerFactories   : Hibernate is in classpath; If applicable, HQL parser will be used.
2026-09-25T07:40:11.259+07:00  INFO 29860 --- [nexbid] [           main] c.nexbid.product.storage.ImageStorage    : Product images are stored in D:\project\NexBid\backend\var\images
2026-09-25T07:40:11.758+07:00  INFO 29860 --- [nexbid] [           main] r$InitializeUserDetailsManagerConfigurer : Global AuthenticationManager configured with UserDetailsService bean with name customUserDetailsService
2026-09-25T07:40:12.807+07:00  INFO 29860 --- [nexbid] [           main] o.s.b.a.e.web.EndpointLinksResolver      : Exposing 1 endpoint beneath base path '/actuator'
2026-09-25T07:40:12.901+07:00  INFO 29860 --- [nexbid] [           main] o.a.kafka.common.config.AbstractConfig   : AdminClientConfig values: 
	bootstrap.controllers = []
	bootstrap.servers = [127.0.0.1:59092]
	client.dns.lookup = use_all_dns_ips
	client.id = nexbid-admin-0
	config.providers = []
	connections.max.idle.ms = 300000
	default.api.timeout.ms = 60000
	enable.metrics.push = false
	metadata.max.age.ms = 300000
	metadata.recovery.rebootstrap.trigger.ms = 300000
	metadata.recovery.strategy = rebootstrap
	metric.reporters = [org.apache.kafka.common.metrics.JmxReporter]
	metrics.num.samples = 2
	metrics.recording.level = INFO
	metrics.sample.window.ms = 30000
	receive.buffer.bytes = 65536
	reconnect.backoff.max.ms = 1000
	reconnect.backoff.ms = 50
	request.timeout.ms = 30000
	retries = 2147483647
	retry.backoff.max.ms = 1000
	retry.backoff.ms = 100
	sasl.client.callback.handler.class = null
	sasl.jaas.config = null
	sasl.kerberos.kinit.cmd = /usr/bin/kinit
	sasl.kerberos.min.time.before.relogin = 60000
	sasl.kerberos.service.name = null
	sasl.kerberos.ticket.renew.jitter = 0.05
	sasl.kerberos.ticket.renew.window.factor = 0.8
	sasl.login.callback.handler.class = null
	sasl.login.class = null
	sasl.login.connect.timeout.ms = null
	sasl.login.read.timeout.ms = null
	sasl.login.refresh.buffer.seconds = 300
	sasl.login.refresh.min.period.seconds = 60
	sasl.login.refresh.window.factor = 0.8
	sasl.login.refresh.window.jitter = 0.05
	sasl.login.retry.backoff.max.ms = 10000
	sasl.login.retry.backoff.ms = 100
	sasl.mechanism = GSSAPI
	sasl.oauthbearer.assertion.algorithm = RS256
	sasl.oauthbearer.assertion.claim.aud = null
	sasl.oauthbearer.assertion.claim.exp.seconds = 300
	sasl.oauthbearer.assertion.claim.iss = null
	sasl.oauthbearer.assertion.claim.jti.include = false
	sasl.oauthbearer.assertion.claim.nbf.seconds = 60
	sasl.oauthbearer.assertion.claim.sub = null
	sasl.oauthbearer.assertion.file = null
	sasl.oauthbearer.assertion.private.key.file = null
	sasl.oauthbearer.assertion.private.key.passphrase = null
	sasl.oauthbearer.assertion.template.file = null
	sasl.oauthbearer.client.credentials.client.id = null
	sasl.oauthbearer.client.credentials.client.secret = null
	sasl.oauthbearer.clock.skew.seconds = 30
	sasl.oauthbearer.expected.audience = []
	sasl.oauthbearer.expected.issuer = null
	sasl.oauthbearer.header.urlencode = false
	sasl.oauthbearer.jwks.endpoint.refresh.ms = 3600000
	sasl.oauthbearer.jwks.endpoint.retry.backoff.max.ms = 10000
	sasl.oauthbearer.jwks.endpoint.retry.backoff.ms = 100
	sasl.oauthbearer.jwks.endpoint.url = null
	sasl.oauthbearer.jwt.retriever.class = class org.apache.kafka.common.security.oauthbearer.DefaultJwtRetriever
	sasl.oauthbearer.jwt.validator.class = class org.apache.kafka.common.security.oauthbearer.DefaultJwtValidator
	sasl.oauthbearer.scope = null
	sasl.oauthbearer.scope.claim.name = scope
	sasl.oauthbearer.sub.claim.name = sub
	sasl.oauthbearer.token.endpoint.url = null
	security.protocol = PLAINTEXT
	security.providers = null
	send.buffer.bytes = 131072
	socket.connection.setup.timeout.max.ms = 30000
	socket.connection.setup.timeout.ms = 10000
	ssl.cipher.suites = []
	ssl.enabled.protocols = [TLSv1.2, TLSv1.3]
	ssl.endpoint.identification.algorithm = https
	ssl.engine.factory.class = null
	ssl.key.password = null
	ssl.keymanager.algorithm = SunX509
	ssl.keystore.certificate.chain = null
	ssl.keystore.key = null
	ssl.keystore.location = null
	ssl.keystore.password = null
	ssl.keystore.type = JKS
	ssl.protocol = TLSv1.3
	ssl.provider = null
	ssl.secure.random.implementation = null
	ssl.trustmanager.algorithm = PKIX
	ssl.truststore.certificates = null
	ssl.truststore.location = null
	ssl.truststore.password = null
	ssl.truststore.type = JKS

2026-09-25T07:40:13.007+07:00  INFO 29860 --- [nexbid] [           main] o.a.kafka.common.utils.AppInfoParser     : Kafka version: 4.2.1
2026-09-25T07:40:13.007+07:00  INFO 29860 --- [nexbid] [           main] o.a.kafka.common.utils.AppInfoParser     : Kafka commitId: 92f61c44867f39dc
2026-09-25T07:40:13.007+07:00  INFO 29860 --- [nexbid] [           main] o.a.kafka.common.utils.AppInfoParser     : Kafka startTimeMs: 1790296813006
2026-09-25T07:40:13.339+07:00  INFO 29860 --- [nexbid] [           main] o.apache.kafka.common.metrics.Metrics    : Metrics scheduler closed
2026-09-25T07:40:13.339+07:00  INFO 29860 --- [nexbid] [           main] o.apache.kafka.common.metrics.Metrics    : Closing reporter org.apache.kafka.common.metrics.JmxReporter
2026-09-25T07:40:13.340+07:00  INFO 29860 --- [nexbid] [           main] o.apache.kafka.common.metrics.Metrics    : Metrics reporters closed
2026-09-25T07:40:13.341+07:00  INFO 29860 --- [nexbid] [ nexbid-admin-0] o.a.kafka.common.utils.AppInfoParser     : App info kafka.admin.client for nexbid-admin-0 unregistered
2026-09-25T07:40:13.344+07:00  INFO 29860 --- [nexbid] [ nexbid-admin-0] o.apache.kafka.common.metrics.Metrics    : Metrics scheduler closed
2026-09-25T07:40:13.344+07:00  INFO 29860 --- [nexbid] [ nexbid-admin-0] o.apache.kafka.common.metrics.Metrics    : Closing reporter org.apache.kafka.common.metrics.JmxReporter
2026-09-25T07:40:13.344+07:00  INFO 29860 --- [nexbid] [ nexbid-admin-0] o.apache.kafka.common.metrics.Metrics    : Metrics reporters closed
2026-09-25T07:40:13.348+07:00  INFO 29860 --- [nexbid] [           main] o.s.m.s.b.SimpleBrokerMessageHandler     : Starting...
2026-09-25T07:40:13.349+07:00  INFO 29860 --- [nexbid] [           main] o.s.m.s.b.SimpleBrokerMessageHandler     : BrokerAvailabilityEvent[available=true, SimpleBrokerMessageHandler [org.springframework.messaging.simp.broker.DefaultSubscriptionRegistry@18f4947f]]
2026-09-25T07:40:13.351+07:00  INFO 29860 --- [nexbid] [           main] o.s.m.s.b.SimpleBrokerMessageHandler     : Started.
2026-09-25T07:40:13.361+07:00  INFO 29860 --- [nexbid] [           main] o.s.boot.tomcat.TomcatWebServer          : Tomcat started on port 8081 (http) with context path '/'
2026-09-25T07:40:13.383+07:00  INFO 29860 --- [nexbid] [           main] o.a.kafka.common.config.AbstractConfig   : ConsumerConfig values: 
	allow.auto.create.topics = true
	auto.commit.interval.ms = 5000
	auto.offset.reset = earliest
	bootstrap.servers = [127.0.0.1:59092]
	check.crcs = true
	client.dns.lookup = use_all_dns_ips
	client.id = consumer-nexbid-notifications-1
	client.rack = 
	config.providers = []
	connections.max.idle.ms = 540000
	default.api.timeout.ms = 60000
	enable.auto.commit = false
	enable.metrics.push = true
	exclude.internal.topics = true
	fetch.max.bytes = 52428800
	fetch.max.wait.ms = 500
	fetch.min.bytes = 1
	group.id = nexbid-notifications
	group.instance.id = null
	group.protocol = classic
	group.remote.assignor = null
	heartbeat.interval.ms = 3000
	interceptor.classes = []
	internal.throw.on.fetch.stable.offset.unsupported = false
	isolation.level = read_uncommitted
	key.deserializer = class org.apache.kafka.common.serialization.StringDeserializer
	max.partition.fetch.bytes = 1048576
	max.poll.interval.ms = 300000
	max.poll.records = 500
	metadata.max.age.ms = 300000
	metadata.recovery.rebootstrap.trigger.ms = 300000
	metadata.recovery.strategy = rebootstrap
	metric.reporters = [org.apache.kafka.common.metrics.JmxReporter]
	metrics.num.samples = 2
	metrics.recording.level = INFO
	metrics.sample.window.ms = 30000
	partition.assignment.strategy = [class org.apache.kafka.clients.consumer.RangeAssignor, class org.apache.kafka.clients.consumer.CooperativeStickyAssignor]
	receive.buffer.bytes = 65536
	reconnect.backoff.max.ms = 1000
	reconnect.backoff.ms = 50
	request.timeout.ms = 30000
	retry.backoff.max.ms = 1000
	retry.backoff.ms = 100
	sasl.client.callback.handler.class = null
	sasl.jaas.config = null
	sasl.kerberos.kinit.cmd = /usr/bin/kinit
	sasl.kerberos.min.time.before.relogin = 60000
	sasl.kerberos.service.name = null
	sasl.kerberos.ticket.renew.jitter = 0.05
	sasl.kerberos.ticket.renew.window.factor = 0.8
	sasl.login.callback.handler.class = null
	sasl.login.class = null
	sasl.login.connect.timeout.ms = null
	sasl.login.read.timeout.ms = null
	sasl.login.refresh.buffer.seconds = 300
	sasl.login.refresh.min.period.seconds = 60
	sasl.login.refresh.window.factor = 0.8
	sasl.login.refresh.window.jitter = 0.05
	sasl.login.retry.backoff.max.ms = 10000
	sasl.login.retry.backoff.ms = 100
	sasl.mechanism = GSSAPI
	sasl.oauthbearer.assertion.algorithm = RS256
	sasl.oauthbearer.assertion.claim.aud = null
	sasl.oauthbearer.assertion.claim.exp.seconds = 300
	sasl.oauthbearer.assertion.claim.iss = null
	sasl.oauthbearer.assertion.claim.jti.include = false
	sasl.oauthbearer.assertion.claim.nbf.seconds = 60
	sasl.oauthbearer.assertion.claim.sub = null
	sasl.oauthbearer.assertion.file = null
	sasl.oauthbearer.assertion.private.key.file = null
	sasl.oauthbearer.assertion.private.key.passphrase = null
	sasl.oauthbearer.assertion.template.file = null
	sasl.oauthbearer.client.credentials.client.id = null
	sasl.oauthbearer.client.credentials.client.secret = null
	sasl.oauthbearer.clock.skew.seconds = 30
	sasl.oauthbearer.expected.audience = []
	sasl.oauthbearer.expected.issuer = null
	sasl.oauthbearer.header.urlencode = false
	sasl.oauthbearer.jwks.endpoint.refresh.ms = 3600000
	sasl.oauthbearer.jwks.endpoint.retry.backoff.max.ms = 10000
	sasl.oauthbearer.jwks.endpoint.retry.backoff.ms = 100
	sasl.oauthbearer.jwks.endpoint.url = null
	sasl.oauthbearer.jwt.retriever.class = class org.apache.kafka.common.security.oauthbearer.DefaultJwtRetriever
	sasl.oauthbearer.jwt.validator.class = class org.apache.kafka.common.security.oauthbearer.DefaultJwtValidator
	sasl.oauthbearer.scope = null
	sasl.oauthbearer.scope.claim.name = scope
	sasl.oauthbearer.sub.claim.name = sub
	sasl.oauthbearer.token.endpoint.url = null
	security.protocol = PLAINTEXT
	security.providers = null
	send.buffer.bytes = 131072
	session.timeout.ms = 45000
	share.acknowledgement.mode = implicit
	share.acquire.mode = BATCH_OPTIMIZED
	socket.connection.setup.timeout.max.ms = 30000
	socket.connection.setup.timeout.ms = 10000
	ssl.cipher.suites = []
	ssl.enabled.protocols = [TLSv1.2, TLSv1.3]
	ssl.endpoint.identification.algorithm = https
	ssl.engine.factory.class = null
	ssl.key.password = null
	ssl.keymanager.algorithm = SunX509
	ssl.keystore.certificate.chain = null
	ssl.keystore.key = null
	ssl.keystore.location = null
	ssl.keystore.password = null
	ssl.keystore.type = JKS
	ssl.protocol = TLSv1.3
	ssl.provider = null
	ssl.secure.random.implementation = null
	ssl.trustmanager.algorithm = PKIX
	ssl.truststore.certificates = null
	ssl.truststore.location = null
	ssl.truststore.password = null
	ssl.truststore.type = JKS
	value.deserializer = class org.apache.kafka.common.serialization.StringDeserializer

2026-09-25T07:40:13.410+07:00  INFO 29860 --- [nexbid] [           main] o.a.k.c.t.i.KafkaMetricsCollector        : initializing Kafka metrics collector
2026-09-25T07:40:13.451+07:00  INFO 29860 --- [nexbid] [           main] o.a.kafka.common.utils.AppInfoParser     : Kafka version: 4.2.1
2026-09-25T07:40:13.451+07:00  INFO 29860 --- [nexbid] [           main] o.a.kafka.common.utils.AppInfoParser     : Kafka commitId: 92f61c44867f39dc
2026-09-25T07:40:13.451+07:00  INFO 29860 --- [nexbid] [           main] o.a.kafka.common.utils.AppInfoParser     : Kafka startTimeMs: 1790296813451
2026-09-25T07:40:13.458+07:00  INFO 29860 --- [nexbid] [           main] o.a.k.c.c.i.ClassicKafkaConsumer         : [Consumer clientId=consumer-nexbid-notifications-1, groupId=nexbid-notifications] Subscribed to topic(s): nexbid.auctions, nexbid.payments
2026-09-25T07:40:13.462+07:00  INFO 29860 --- [nexbid] [           main] o.a.kafka.common.config.AbstractConfig   : ConsumerConfig values: 
	allow.auto.create.topics = true
	auto.commit.interval.ms = 5000
	auto.offset.reset = earliest
	bootstrap.servers = [127.0.0.1:59092]
	check.crcs = true
	client.dns.lookup = use_all_dns_ips
	client.id = consumer-nexbid-notifications-2
	client.rack = 
	config.providers = []
	connections.max.idle.ms = 540000
	default.api.timeout.ms = 60000
	enable.auto.commit = false
	enable.metrics.push = true
	exclude.internal.topics = true
	fetch.max.bytes = 52428800
	fetch.max.wait.ms = 500
	fetch.min.bytes = 1
	group.id = nexbid-notifications
	group.instance.id = null
	group.protocol = classic
	group.remote.assignor = null
	heartbeat.interval.ms = 3000
	interceptor.classes = []
	internal.throw.on.fetch.stable.offset.unsupported = false
	isolation.level = read_uncommitted
	key.deserializer = class org.apache.kafka.common.serialization.StringDeserializer
	max.partition.fetch.bytes = 1048576
	max.poll.interval.ms = 300000
	max.poll.records = 500
	metadata.max.age.ms = 300000
	metadata.recovery.rebootstrap.trigger.ms = 300000
	metadata.recovery.strategy = rebootstrap
	metric.reporters = [org.apache.kafka.common.metrics.JmxReporter]
	metrics.num.samples = 2
	metrics.recording.level = INFO
	metrics.sample.window.ms = 30000
	partition.assignment.strategy = [class org.apache.kafka.clients.consumer.RangeAssignor, class org.apache.kafka.clients.consumer.CooperativeStickyAssignor]
	receive.buffer.bytes = 65536
	reconnect.backoff.max.ms = 1000
	reconnect.backoff.ms = 50
	request.timeout.ms = 30000
	retry.backoff.max.ms = 1000
	retry.backoff.ms = 100
	sasl.client.callback.handler.class = null
	sasl.jaas.config = null
	sasl.kerberos.kinit.cmd = /usr/bin/kinit
	sasl.kerberos.min.time.before.relogin = 60000
	sasl.kerberos.service.name = null
	sasl.kerberos.ticket.renew.jitter = 0.05
	sasl.kerberos.ticket.renew.window.factor = 0.8
	sasl.login.callback.handler.class = null
	sasl.login.class = null
	sasl.login.connect.timeout.ms = null
	sasl.login.read.timeout.ms = null
	sasl.login.refresh.buffer.seconds = 300
	sasl.login.refresh.min.period.seconds = 60
	sasl.login.refresh.window.factor = 0.8
	sasl.login.refresh.window.jitter = 0.05
	sasl.login.retry.backoff.max.ms = 10000
	sasl.login.retry.backoff.ms = 100
	sasl.mechanism = GSSAPI
	sasl.oauthbearer.assertion.algorithm = RS256
	sasl.oauthbearer.assertion.claim.aud = null
	sasl.oauthbearer.assertion.claim.exp.seconds = 300
	sasl.oauthbearer.assertion.claim.iss = null
	sasl.oauthbearer.assertion.claim.jti.include = false
	sasl.oauthbearer.assertion.claim.nbf.seconds = 60
	sasl.oauthbearer.assertion.claim.sub = null
	sasl.oauthbearer.assertion.file = null
	sasl.oauthbearer.assertion.private.key.file = null
	sasl.oauthbearer.assertion.private.key.passphrase = null
	sasl.oauthbearer.assertion.template.file = null
	sasl.oauthbearer.client.credentials.client.id = null
	sasl.oauthbearer.client.credentials.client.secret = null
	sasl.oauthbearer.clock.skew.seconds = 30
	sasl.oauthbearer.expected.audience = []
	sasl.oauthbearer.expected.issuer = null
	sasl.oauthbearer.header.urlencode = false
	sasl.oauthbearer.jwks.endpoint.refresh.ms = 3600000
	sasl.oauthbearer.jwks.endpoint.retry.backoff.max.ms = 10000
	sasl.oauthbearer.jwks.endpoint.retry.backoff.ms = 100
	sasl.oauthbearer.jwks.endpoint.url = null
	sasl.oauthbearer.jwt.retriever.class = class org.apache.kafka.common.security.oauthbearer.DefaultJwtRetriever
	sasl.oauthbearer.jwt.validator.class = class org.apache.kafka.common.security.oauthbearer.DefaultJwtValidator
	sasl.oauthbearer.scope = null
	sasl.oauthbearer.scope.claim.name = scope
	sasl.oauthbearer.sub.claim.name = sub
	sasl.oauthbearer.token.endpoint.url = null
	security.protocol = PLAINTEXT
	security.providers = null
	send.buffer.bytes = 131072
	session.timeout.ms = 45000
	share.acknowledgement.mode = implicit
	share.acquire.mode = BATCH_OPTIMIZED
	socket.connection.setup.timeout.max.ms = 30000
	socket.connection.setup.timeout.ms = 10000
	ssl.cipher.suites = []
	ssl.enabled.protocols = [TLSv1.2, TLSv1.3]
	ssl.endpoint.identification.algorithm = https
	ssl.engine.factory.class = null
	ssl.key.password = null
	ssl.keymanager.algorithm = SunX509
	ssl.keystore.certificate.chain = null
	ssl.keystore.key = null
	ssl.keystore.location = null
	ssl.keystore.password = null
	ssl.keystore.type = JKS
	ssl.protocol = TLSv1.3
	ssl.provider = null
	ssl.secure.random.implementation = null
	ssl.trustmanager.algorithm = PKIX
	ssl.truststore.certificates = null
	ssl.truststore.location = null
	ssl.truststore.password = null
	ssl.truststore.type = JKS
	value.deserializer = class org.apache.kafka.common.serialization.StringDeserializer

2026-09-25T07:40:13.462+07:00  INFO 29860 --- [nexbid] [           main] o.a.k.c.t.i.KafkaMetricsCollector        : initializing Kafka metrics collector
2026-09-25T07:40:13.469+07:00  INFO 29860 --- [nexbid] [           main] o.a.kafka.common.utils.AppInfoParser     : Kafka version: 4.2.1
2026-09-25T07:40:13.469+07:00  INFO 29860 --- [nexbid] [           main] o.a.kafka.common.utils.AppInfoParser     : Kafka commitId: 92f61c44867f39dc
2026-09-25T07:40:13.469+07:00  INFO 29860 --- [nexbid] [           main] o.a.kafka.common.utils.AppInfoParser     : Kafka startTimeMs: 1790296813469
2026-09-25T07:40:13.472+07:00  INFO 29860 --- [nexbid] [           main] o.a.k.c.c.i.ClassicKafkaConsumer         : [Consumer clientId=consumer-nexbid-notifications-2, groupId=nexbid-notifications] Subscribed to topic(s): nexbid.auctions, nexbid.payments
2026-09-25T07:40:13.473+07:00  INFO 29860 --- [nexbid] [           main] o.a.kafka.common.config.AbstractConfig   : ConsumerConfig values: 
	allow.auto.create.topics = true
	auto.commit.interval.ms = 5000
	auto.offset.reset = earliest
	bootstrap.servers = [127.0.0.1:59092]
	check.crcs = true
	client.dns.lookup = use_all_dns_ips
	client.id = consumer-nexbid-notifications-3
	client.rack = 
	config.providers = []
	connections.max.idle.ms = 540000
	default.api.timeout.ms = 60000
	enable.auto.commit = false
	enable.metrics.push = true
	exclude.internal.topics = true
	fetch.max.bytes = 52428800
	fetch.max.wait.ms = 500
	fetch.min.bytes = 1
	group.id = nexbid-notifications
	group.instance.id = null
	group.protocol = classic
	group.remote.assignor = null
	heartbeat.interval.ms = 3000
	interceptor.classes = []
	internal.throw.on.fetch.stable.offset.unsupported = false
	isolation.level = read_uncommitted
	key.deserializer = class org.apache.kafka.common.serialization.StringDeserializer
	max.partition.fetch.bytes = 1048576
	max.poll.interval.ms = 300000
	max.poll.records = 500
	metadata.max.age.ms = 300000
	metadata.recovery.rebootstrap.trigger.ms = 300000
	metadata.recovery.strategy = rebootstrap
	metric.reporters = [org.apache.kafka.common.metrics.JmxReporter]
	metrics.num.samples = 2
	metrics.recording.level = INFO
	metrics.sample.window.ms = 30000
	partition.assignment.strategy = [class org.apache.kafka.clients.consumer.RangeAssignor, class org.apache.kafka.clients.consumer.CooperativeStickyAssignor]
	receive.buffer.bytes = 65536
	reconnect.backoff.max.ms = 1000
	reconnect.backoff.ms = 50
	request.timeout.ms = 30000
	retry.backoff.max.ms = 1000
	retry.backoff.ms = 100
	sasl.client.callback.handler.class = null
	sasl.jaas.config = null
	sasl.kerberos.kinit.cmd = /usr/bin/kinit
	sasl.kerberos.min.time.before.relogin = 60000
	sasl.kerberos.service.name = null
	sasl.kerberos.ticket.renew.jitter = 0.05
	sasl.kerberos.ticket.renew.window.factor = 0.8
	sasl.login.callback.handler.class = null
	sasl.login.class = null
	sasl.login.connect.timeout.ms = null
	sasl.login.read.timeout.ms = null
	sasl.login.refresh.buffer.seconds = 300
	sasl.login.refresh.min.period.seconds = 60
	sasl.login.refresh.window.factor = 0.8
	sasl.login.refresh.window.jitter = 0.05
	sasl.login.retry.backoff.max.ms = 10000
	sasl.login.retry.backoff.ms = 100
	sasl.mechanism = GSSAPI
	sasl.oauthbearer.assertion.algorithm = RS256
	sasl.oauthbearer.assertion.claim.aud = null
	sasl.oauthbearer.assertion.claim.exp.seconds = 300
	sasl.oauthbearer.assertion.claim.iss = null
	sasl.oauthbearer.assertion.claim.jti.include = false
	sasl.oauthbearer.assertion.claim.nbf.seconds = 60
	sasl.oauthbearer.assertion.claim.sub = null
	sasl.oauthbearer.assertion.file = null
	sasl.oauthbearer.assertion.private.key.file = null
	sasl.oauthbearer.assertion.private.key.passphrase = null
	sasl.oauthbearer.assertion.template.file = null
	sasl.oauthbearer.client.credentials.client.id = null
	sasl.oauthbearer.client.credentials.client.secret = null
	sasl.oauthbearer.clock.skew.seconds = 30
	sasl.oauthbearer.expected.audience = []
	sasl.oauthbearer.expected.issuer = null
	sasl.oauthbearer.header.urlencode = false
	sasl.oauthbearer.jwks.endpoint.refresh.ms = 3600000
	sasl.oauthbearer.jwks.endpoint.retry.backoff.max.ms = 10000
	sasl.oauthbearer.jwks.endpoint.retry.backoff.ms = 100
	sasl.oauthbearer.jwks.endpoint.url = null
	sasl.oauthbearer.jwt.retriever.class = class org.apache.kafka.common.security.oauthbearer.DefaultJwtRetriever
	sasl.oauthbearer.jwt.validator.class = class org.apache.kafka.common.security.oauthbearer.DefaultJwtValidator
	sasl.oauthbearer.scope = null
	sasl.oauthbearer.scope.claim.name = scope
	sasl.oauthbearer.sub.claim.name = sub
	sasl.oauthbearer.token.endpoint.url = null
	security.protocol = PLAINTEXT
	security.providers = null
	send.buffer.bytes = 131072
	session.timeout.ms = 45000
	share.acknowledgement.mode = implicit
	share.acquire.mode = BATCH_OPTIMIZED
	socket.connection.setup.timeout.max.ms = 30000
	socket.connection.setup.timeout.ms = 10000
	ssl.cipher.suites = []
	ssl.enabled.protocols = [TLSv1.2, TLSv1.3]
	ssl.endpoint.identification.algorithm = https
	ssl.engine.factory.class = null
	ssl.key.password = null
	ssl.keymanager.algorithm = SunX509
	ssl.keystore.certificate.chain = null
	ssl.keystore.key = null
	ssl.keystore.location = null
	ssl.keystore.password = null
	ssl.keystore.type = JKS
	ssl.protocol = TLSv1.3
	ssl.provider = null
	ssl.secure.random.implementation = null
	ssl.trustmanager.algorithm = PKIX
	ssl.truststore.certificates = null
	ssl.truststore.location = null
	ssl.truststore.password = null
	ssl.truststore.type = JKS
	value.deserializer = class org.apache.kafka.common.serialization.StringDeserializer

2026-09-25T07:40:13.473+07:00  INFO 29860 --- [nexbid] [           main] o.a.k.c.t.i.KafkaMetricsCollector        : initializing Kafka metrics collector
2026-09-25T07:40:13.477+07:00  INFO 29860 --- [nexbid] [           main] o.a.kafka.common.utils.AppInfoParser     : Kafka version: 4.2.1
2026-09-25T07:40:13.477+07:00  INFO 29860 --- [nexbid] [           main] o.a.kafka.common.utils.AppInfoParser     : Kafka commitId: 92f61c44867f39dc
2026-09-25T07:40:13.477+07:00  INFO 29860 --- [nexbid] [           main] o.a.kafka.common.utils.AppInfoParser     : Kafka startTimeMs: 1790296813477
2026-09-25T07:40:13.480+07:00  INFO 29860 --- [nexbid] [           main] o.a.k.c.c.i.ClassicKafkaConsumer         : [Consumer clientId=consumer-nexbid-notifications-3, groupId=nexbid-notifications] Subscribed to topic(s): nexbid.auctions, nexbid.payments
2026-09-25T07:40:13.493+07:00  INFO 29860 --- [nexbid] [           main] com.nexbid.NexbidApplication             : Started NexbidApplication in 7.498 seconds (process running for 7.834)
2026-09-25T07:40:13.497+07:00  INFO 29860 --- [nexbid] [fications-2-C-1] org.apache.kafka.clients.Metadata        : [Consumer clientId=consumer-nexbid-notifications-3, groupId=nexbid-notifications] Cluster ID: 5L6g3nShT-eMCtK--X86sw
2026-09-25T07:40:13.497+07:00  INFO 29860 --- [nexbid] [fications-0-C-1] org.apache.kafka.clients.Metadata        : [Consumer clientId=consumer-nexbid-notifications-1, groupId=nexbid-notifications] Cluster ID: 5L6g3nShT-eMCtK--X86sw
2026-09-25T07:40:13.497+07:00  INFO 29860 --- [nexbid] [fications-1-C-1] org.apache.kafka.clients.Metadata        : [Consumer clientId=consumer-nexbid-notifications-2, groupId=nexbid-notifications] Cluster ID: 5L6g3nShT-eMCtK--X86sw
2026-09-25T07:40:13.605+07:00  INFO 29860 --- [nexbid] [fications-1-C-1] o.a.k.c.c.internals.ConsumerCoordinator  : [Consumer clientId=consumer-nexbid-notifications-2, groupId=nexbid-notifications] Discovered group coordinator 127.0.0.1:59092 (id: 2147483646 rack: null isFenced: false)
2026-09-25T07:40:13.605+07:00  INFO 29860 --- [nexbid] [fications-2-C-1] o.a.k.c.c.internals.ConsumerCoordinator  : [Consumer clientId=consumer-nexbid-notifications-3, groupId=nexbid-notifications] Discovered group coordinator 127.0.0.1:59092 (id: 2147483646 rack: null isFenced: false)
2026-09-25T07:40:13.606+07:00  INFO 29860 --- [nexbid] [fications-1-C-1] o.a.k.c.c.internals.ConsumerCoordinator  : [Consumer clientId=consumer-nexbid-notifications-2, groupId=nexbid-notifications] (Re-)joining group
2026-09-25T07:40:13.607+07:00  INFO 29860 --- [nexbid] [fications-2-C-1] o.a.k.c.c.internals.ConsumerCoordinator  : [Consumer clientId=consumer-nexbid-notifications-3, groupId=nexbid-notifications] (Re-)joining group
2026-09-25T07:40:13.619+07:00  INFO 29860 --- [nexbid] [fications-1-C-1] o.a.k.c.c.internals.ConsumerCoordinator  : [Consumer clientId=consumer-nexbid-notifications-2, groupId=nexbid-notifications] Group coordinator 127.0.0.1:59092 (id: 2147483646 rack: null isFenced: false) is unavailable or invalid due to cause: error response NOT_COORDINATOR. isDisconnected: false. Rediscovery will be attempted.
2026-09-25T07:40:13.619+07:00  INFO 29860 --- [nexbid] [fications-2-C-1] o.a.k.c.c.internals.ConsumerCoordinator  : [Consumer clientId=consumer-nexbid-notifications-3, groupId=nexbid-notifications] Group coordinator 127.0.0.1:59092 (id: 2147483646 rack: null isFenced: false) is unavailable or invalid due to cause: error response NOT_COORDINATOR. isDisconnected: false. Rediscovery will be attempted.
2026-09-25T07:40:13.619+07:00  INFO 29860 --- [nexbid] [fications-1-C-1] o.a.k.c.c.internals.ConsumerCoordinator  : [Consumer clientId=consumer-nexbid-notifications-2, groupId=nexbid-notifications] Requesting disconnect from last known coordinator 127.0.0.1:59092 (id: 2147483646 rack: null isFenced: false)
2026-09-25T07:40:13.619+07:00  INFO 29860 --- [nexbid] [fications-2-C-1] o.a.k.c.c.internals.ConsumerCoordinator  : [Consumer clientId=consumer-nexbid-notifications-3, groupId=nexbid-notifications] Requesting disconnect from last known coordinator 127.0.0.1:59092 (id: 2147483646 rack: null isFenced: false)
2026-09-25T07:40:13.620+07:00  INFO 29860 --- [nexbid] [fications-0-C-1] o.a.k.c.c.internals.ConsumerCoordinator  : [Consumer clientId=consumer-nexbid-notifications-1, groupId=nexbid-notifications] Discovered group coordinator 127.0.0.1:59092 (id: 2147483646 rack: null isFenced: false)
2026-09-25T07:40:13.620+07:00  INFO 29860 --- [nexbid] [fications-1-C-1] o.a.k.c.c.internals.ConsumerCoordinator  : [Consumer clientId=consumer-nexbid-notifications-2, groupId=nexbid-notifications] JoinGroup failed: This is not the correct coordinator. Marking coordinator unknown. Sent generation was Generation{generationId=-1, memberId='', protocol='null'}
2026-09-25T07:40:13.620+07:00  INFO 29860 --- [nexbid] [fications-2-C-1] o.a.k.c.c.internals.ConsumerCoordinator  : [Consumer clientId=consumer-nexbid-notifications-3, groupId=nexbid-notifications] JoinGroup failed: This is not the correct coordinator. Marking coordinator unknown. Sent generation was Generation{generationId=-1, memberId='', protocol='null'}
2026-09-25T07:40:13.620+07:00  INFO 29860 --- [nexbid] [fications-1-C-1] org.apache.kafka.clients.NetworkClient   : [Consumer clientId=consumer-nexbid-notifications-2, groupId=nexbid-notifications] Client requested disconnect from node 2147483646
2026-09-25T07:40:13.620+07:00  INFO 29860 --- [nexbid] [fications-2-C-1] org.apache.kafka.clients.NetworkClient   : [Consumer clientId=consumer-nexbid-notifications-3, groupId=nexbid-notifications] Client requested disconnect from node 2147483646
2026-09-25T07:40:13.621+07:00  INFO 29860 --- [nexbid] [fications-0-C-1] o.a.k.c.c.internals.ConsumerCoordinator  : [Consumer clientId=consumer-nexbid-notifications-1, groupId=nexbid-notifications] (Re-)joining group
2026-09-25T07:40:13.622+07:00  INFO 29860 --- [nexbid] [fications-2-C-1] o.a.k.c.c.internals.ConsumerCoordinator  : [Consumer clientId=consumer-nexbid-notifications-3, groupId=nexbid-notifications] Discovered group coordinator 127.0.0.1:59092 (id: 2147483646 rack: null isFenced: false)
2026-09-25T07:40:13.622+07:00  INFO 29860 --- [nexbid] [fications-1-C-1] o.a.k.c.c.internals.ConsumerCoordinator  : [Consumer clientId=consumer-nexbid-notifications-2, groupId=nexbid-notifications] Discovered group coordinator 127.0.0.1:59092 (id: 2147483646 rack: null isFenced: false)
2026-09-25T07:40:13.622+07:00  INFO 29860 --- [nexbid] [fications-2-C-1] o.a.k.c.c.internals.ConsumerCoordinator  : [Consumer clientId=consumer-nexbid-notifications-3, groupId=nexbid-notifications] Group coordinator 127.0.0.1:59092 (id: 2147483646 rack: null isFenced: false) is unavailable or invalid due to cause: coordinator unavailable. isDisconnected: false. Rediscovery will be attempted.
2026-09-25T07:40:13.622+07:00  INFO 29860 --- [nexbid] [fications-1-C-1] o.a.k.c.c.internals.ConsumerCoordinator  : [Consumer clientId=consumer-nexbid-notifications-2, groupId=nexbid-notifications] Group coordinator 127.0.0.1:59092 (id: 2147483646 rack: null isFenced: false) is unavailable or invalid due to cause: coordinator unavailable. isDisconnected: false. Rediscovery will be attempted.
2026-09-25T07:40:13.622+07:00  INFO 29860 --- [nexbid] [fications-2-C-1] o.a.k.c.c.internals.ConsumerCoordinator  : [Consumer clientId=consumer-nexbid-notifications-3, groupId=nexbid-notifications] Requesting disconnect from last known coordinator 127.0.0.1:59092 (id: 2147483646 rack: null isFenced: false)
2026-09-25T07:40:13.622+07:00  INFO 29860 --- [nexbid] [fications-1-C-1] o.a.k.c.c.internals.ConsumerCoordinator  : [Consumer clientId=consumer-nexbid-notifications-2, groupId=nexbid-notifications] Requesting disconnect from last known coordinator 127.0.0.1:59092 (id: 2147483646 rack: null isFenced: false)
2026-09-25T07:40:13.624+07:00  INFO 29860 --- [nexbid] [fications-0-C-1] o.a.k.c.c.internals.ConsumerCoordinator  : [Consumer clientId=consumer-nexbid-notifications-1, groupId=nexbid-notifications] Group coordinator 127.0.0.1:59092 (id: 2147483646 rack: null isFenced: false) is unavailable or invalid due to cause: error response NOT_COORDINATOR. isDisconnected: false. Rediscovery will be attempted.
2026-09-25T07:40:13.624+07:00  INFO 29860 --- [nexbid] [fications-0-C-1] o.a.k.c.c.internals.ConsumerCoordinator  : [Consumer clientId=consumer-nexbid-notifications-1, groupId=nexbid-notifications] Requesting disconnect from last known coordinator 127.0.0.1:59092 (id: 2147483646 rack: null isFenced: false)
2026-09-25T07:40:13.624+07:00  INFO 29860 --- [nexbid] [fications-0-C-1] o.a.k.c.c.internals.ConsumerCoordinator  : [Consumer clientId=consumer-nexbid-notifications-1, groupId=nexbid-notifications] JoinGroup failed: This is not the correct coordinator. Marking coordinator unknown. Sent generation was Generation{generationId=-1, memberId='', protocol='null'}
2026-09-25T07:40:13.624+07:00  INFO 29860 --- [nexbid] [fications-0-C-1] org.apache.kafka.clients.NetworkClient   : [Consumer clientId=consumer-nexbid-notifications-1, groupId=nexbid-notifications] Client requested disconnect from node 2147483646
2026-09-25T07:40:13.625+07:00  INFO 29860 --- [nexbid] [fications-0-C-1] o.a.k.c.c.internals.ConsumerCoordinator  : [Consumer clientId=consumer-nexbid-notifications-1, groupId=nexbid-notifications] Discovered group coordinator 127.0.0.1:59092 (id: 2147483646 rack: null isFenced: false)
2026-09-25T07:40:13.626+07:00  INFO 29860 --- [nexbid] [fications-0-C-1] o.a.k.c.c.internals.ConsumerCoordinator  : [Consumer clientId=consumer-nexbid-notifications-1, groupId=nexbid-notifications] Group coordinator 127.0.0.1:59092 (id: 2147483646 rack: null isFenced: false) is unavailable or invalid due to cause: coordinator unavailable. isDisconnected: false. Rediscovery will be attempted.
2026-09-25T07:40:13.626+07:00  INFO 29860 --- [nexbid] [fications-0-C-1] o.a.k.c.c.internals.ConsumerCoordinator  : [Consumer clientId=consumer-nexbid-notifications-1, groupId=nexbid-notifications] Requesting disconnect from last known coordinator 127.0.0.1:59092 (id: 2147483646 rack: null isFenced: false)
2026-09-25T07:40:13.710+07:00  INFO 29860 --- [nexbid] [fications-2-C-1] o.a.k.c.c.internals.ConsumerCoordinator  : [Consumer clientId=consumer-nexbid-notifications-3, groupId=nexbid-notifications] Discovered group coordinator 127.0.0.1:59092 (id: 2147483646 rack: null isFenced: false)
2026-09-25T07:40:13.711+07:00  INFO 29860 --- [nexbid] [fications-2-C-1] o.a.k.c.c.internals.ConsumerCoordinator  : [Consumer clientId=consumer-nexbid-notifications-3, groupId=nexbid-notifications] Request joining group due to: rebalance failed due to 'This is not the correct coordinator.' (NotCoordinatorException)
2026-09-25T07:40:13.711+07:00  INFO 29860 --- [nexbid] [fications-2-C-1] o.a.k.c.c.internals.ConsumerCoordinator  : [Consumer clientId=consumer-nexbid-notifications-3, groupId=nexbid-notifications] (Re-)joining group
2026-09-25T07:40:13.714+07:00  INFO 29860 --- [nexbid] [fications-2-C-1] o.a.k.c.c.internals.ConsumerCoordinator  : [Consumer clientId=consumer-nexbid-notifications-3, groupId=nexbid-notifications] Group coordinator 127.0.0.1:59092 (id: 2147483646 rack: null isFenced: false) is unavailable or invalid due to cause: error response NOT_COORDINATOR. isDisconnected: false. Rediscovery will be attempted.
2026-09-25T07:40:13.714+07:00  INFO 29860 --- [nexbid] [fications-2-C-1] o.a.k.c.c.internals.ConsumerCoordinator  : [Consumer clientId=consumer-nexbid-notifications-3, groupId=nexbid-notifications] Requesting disconnect from last known coordinator 127.0.0.1:59092 (id: 2147483646 rack: null isFenced: false)
2026-09-25T07:40:13.714+07:00  INFO 29860 --- [nexbid] [fications-2-C-1] o.a.k.c.c.internals.ConsumerCoordinator  : [Consumer clientId=consumer-nexbid-notifications-3, groupId=nexbid-notifications] JoinGroup failed: This is not the correct coordinator. Marking coordinator unknown. Sent generation was Generation{generationId=-1, memberId='', protocol='null'}
2026-09-25T07:40:13.714+07:00  INFO 29860 --- [nexbid] [fications-2-C-1] org.apache.kafka.clients.NetworkClient   : [Consumer clientId=consumer-nexbid-notifications-3, groupId=nexbid-notifications] Client requested disconnect from node 2147483646
2026-09-25T07:40:13.715+07:00  INFO 29860 --- [nexbid] [fications-2-C-1] o.a.k.c.c.internals.ConsumerCoordinator  : [Consumer clientId=consumer-nexbid-notifications-3, groupId=nexbid-notifications] Discovered group coordinator 127.0.0.1:59092 (id: 2147483646 rack: null isFenced: false)
2026-09-25T07:40:13.716+07:00  INFO 29860 --- [nexbid] [fications-2-C-1] o.a.k.c.c.internals.ConsumerCoordinator  : [Consumer clientId=consumer-nexbid-notifications-3, groupId=nexbid-notifications] Group coordinator 127.0.0.1:59092 (id: 2147483646 rack: null isFenced: false) is unavailable or invalid due to cause: coordinator unavailable. isDisconnected: false. Rediscovery will be attempted.
2026-09-25T07:40:13.716+07:00  INFO 29860 --- [nexbid] [fications-2-C-1] o.a.k.c.c.internals.ConsumerCoordinator  : [Consumer clientId=consumer-nexbid-notifications-3, groupId=nexbid-notifications] Requesting disconnect from last known coordinator 127.0.0.1:59092 (id: 2147483646 rack: null isFenced: false)
2026-09-25T07:40:13.724+07:00  INFO 29860 --- [nexbid] [fications-0-C-1] o.a.k.c.c.internals.ConsumerCoordinator  : [Consumer clientId=consumer-nexbid-notifications-1, groupId=nexbid-notifications] Discovered group coordinator 127.0.0.1:59092 (id: 2147483646 rack: null isFenced: false)
2026-09-25T07:40:13.725+07:00  INFO 29860 --- [nexbid] [fications-0-C-1] o.a.k.c.c.internals.ConsumerCoordinator  : [Consumer clientId=consumer-nexbid-notifications-1, groupId=nexbid-notifications] Request joining group due to: rebalance failed due to 'This is not the correct coordinator.' (NotCoordinatorException)
2026-09-25T07:40:13.726+07:00  INFO 29860 --- [nexbid] [fications-0-C-1] o.a.k.c.c.internals.ConsumerCoordinator  : [Consumer clientId=consumer-nexbid-notifications-1, groupId=nexbid-notifications] (Re-)joining group
2026-09-25T07:40:13.727+07:00  INFO 29860 --- [nexbid] [fications-0-C-1] o.a.k.c.c.internals.ConsumerCoordinator  : [Consumer clientId=consumer-nexbid-notifications-1, groupId=nexbid-notifications] Group coordinator 127.0.0.1:59092 (id: 2147483646 rack: null isFenced: false) is unavailable or invalid due to cause: error response NOT_COORDINATOR. isDisconnected: false. Rediscovery will be attempted.
2026-09-25T07:40:13.727+07:00  INFO 29860 --- [nexbid] [fications-0-C-1] o.a.k.c.c.internals.ConsumerCoordinator  : [Consumer clientId=consumer-nexbid-notifications-1, groupId=nexbid-notifications] Requesting disconnect from last known coordinator 127.0.0.1:59092 (id: 2147483646 rack: null isFenced: false)
2026-09-25T07:40:13.727+07:00  INFO 29860 --- [nexbid] [fications-0-C-1] o.a.k.c.c.internals.ConsumerCoordinator  : [Consumer clientId=consumer-nexbid-notifications-1, groupId=nexbid-notifications] JoinGroup failed: This is not the correct coordinator. Marking coordinator unknown. Sent generation was Generation{generationId=-1, memberId='', protocol='null'}
2026-09-25T07:40:13.727+07:00  INFO 29860 --- [nexbid] [fications-0-C-1] org.apache.kafka.clients.NetworkClient   : [Consumer clientId=consumer-nexbid-notifications-1, groupId=nexbid-notifications] Client requested disconnect from node 2147483646
2026-09-25T07:40:13.729+07:00  INFO 29860 --- [nexbid] [fications-0-C-1] o.a.k.c.c.internals.ConsumerCoordinator  : [Consumer clientId=consumer-nexbid-notifications-1, groupId=nexbid-notifications] Discovered group coordinator 127.0.0.1:59092 (id: 2147483646 rack: null isFenced: false)
2026-09-25T07:40:13.729+07:00  INFO 29860 --- [nexbid] [fications-0-C-1] o.a.k.c.c.internals.ConsumerCoordinator  : [Consumer clientId=consumer-nexbid-notifications-1, groupId=nexbid-notifications] Group coordinator 127.0.0.1:59092 (id: 2147483646 rack: null isFenced: false) is unavailable or invalid due to cause: coordinator unavailable. isDisconnected: false. Rediscovery will be attempted.
2026-09-25T07:40:13.729+07:00  INFO 29860 --- [nexbid] [fications-0-C-1] o.a.k.c.c.internals.ConsumerCoordinator  : [Consumer clientId=consumer-nexbid-notifications-1, groupId=nexbid-notifications] Requesting disconnect from last known coordinator 127.0.0.1:59092 (id: 2147483646 rack: null isFenced: false)
2026-09-25T07:40:13.741+07:00  INFO 29860 --- [nexbid] [fications-1-C-1] o.a.k.c.c.internals.ConsumerCoordinator  : [Consumer clientId=consumer-nexbid-notifications-2, groupId=nexbid-notifications] Discovered group coordinator 127.0.0.1:59092 (id: 2147483646 rack: null isFenced: false)
2026-09-25T07:40:13.742+07:00  INFO 29860 --- [nexbid] [fications-1-C-1] o.a.k.c.c.internals.ConsumerCoordinator  : [Consumer clientId=consumer-nexbid-notifications-2, groupId=nexbid-notifications] Request joining group due to: rebalance failed due to 'This is not the correct coordinator.' (NotCoordinatorException)
2026-09-25T07:40:13.743+07:00  INFO 29860 --- [nexbid] [fications-1-C-1] o.a.k.c.c.internals.ConsumerCoordinator  : [Consumer clientId=consumer-nexbid-notifications-2, groupId=nexbid-notifications] (Re-)joining group
2026-09-25T07:40:13.745+07:00  INFO 29860 --- [nexbid] [fications-1-C-1] o.a.k.c.c.internals.ConsumerCoordinator  : [Consumer clientId=consumer-nexbid-notifications-2, groupId=nexbid-notifications] Group coordinator 127.0.0.1:59092 (id: 2147483646 rack: null isFenced: false) is unavailable or invalid due to cause: error response NOT_COORDINATOR. isDisconnected: false. Rediscovery will be attempted.
2026-09-25T07:40:13.745+07:00  INFO 29860 --- [nexbid] [fications-1-C-1] o.a.k.c.c.internals.ConsumerCoordinator  : [Consumer clientId=consumer-nexbid-notifications-2, groupId=nexbid-notifications] Requesting disconnect from last known coordinator 127.0.0.1:59092 (id: 2147483646 rack: null isFenced: false)
2026-09-25T07:40:13.745+07:00  INFO 29860 --- [nexbid] [fications-1-C-1] o.a.k.c.c.internals.ConsumerCoordinator  : [Consumer clientId=consumer-nexbid-notifications-2, groupId=nexbid-notifications] JoinGroup failed: This is not the correct coordinator. Marking coordinator unknown. Sent generation was Generation{generationId=-1, memberId='', protocol='null'}
2026-09-25T07:40:13.745+07:00  INFO 29860 --- [nexbid] [fications-1-C-1] org.apache.kafka.clients.NetworkClient   : [Consumer clientId=consumer-nexbid-notifications-2, groupId=nexbid-notifications] Client requested disconnect from node 2147483646
2026-09-25T07:40:13.747+07:00  INFO 29860 --- [nexbid] [fications-1-C-1] o.a.k.c.c.internals.ConsumerCoordinator  : [Consumer clientId=consumer-nexbid-notifications-2, groupId=nexbid-notifications] Discovered group coordinator 127.0.0.1:59092 (id: 2147483646 rack: null isFenced: false)
2026-09-25T07:40:13.747+07:00  INFO 29860 --- [nexbid] [fications-1-C-1] o.a.k.c.c.internals.ConsumerCoordinator  : [Consumer clientId=consumer-nexbid-notifications-2, groupId=nexbid-notifications] Group coordinator 127.0.0.1:59092 (id: 2147483646 rack: null isFenced: false) is unavailable or invalid due to cause: coordinator unavailable. isDisconnected: false. Rediscovery will be attempted.
2026-09-25T07:40:13.747+07:00  INFO 29860 --- [nexbid] [fications-1-C-1] o.a.k.c.c.internals.ConsumerCoordinator  : [Consumer clientId=consumer-nexbid-notifications-2, groupId=nexbid-notifications] Requesting disconnect from last known coordinator 127.0.0.1:59092 (id: 2147483646 rack: null isFenced: false)
2026-09-25T07:40:13.814+07:00  INFO 29860 --- [nexbid] [fications-0-C-1] o.a.k.c.c.internals.ConsumerCoordinator  : [Consumer clientId=consumer-nexbid-notifications-1, groupId=nexbid-notifications] Discovered group coordinator 127.0.0.1:59092 (id: 2147483646 rack: null isFenced: false)
2026-09-25T07:40:13.815+07:00  INFO 29860 --- [nexbid] [fications-0-C-1] o.a.k.c.c.internals.ConsumerCoordinator  : [Consumer clientId=consumer-nexbid-notifications-1, groupId=nexbid-notifications] Request joining group due to: rebalance failed due to 'This is not the correct coordinator.' (NotCoordinatorException)
2026-09-25T07:40:13.816+07:00  INFO 29860 --- [nexbid] [fications-0-C-1] o.a.k.c.c.internals.ConsumerCoordinator  : [Consumer clientId=consumer-nexbid-notifications-1, groupId=nexbid-notifications] (Re-)joining group
2026-09-25T07:40:13.819+07:00  INFO 29860 --- [nexbid] [fications-0-C-1] o.a.k.c.c.internals.ConsumerCoordinator  : [Consumer clientId=consumer-nexbid-notifications-1, groupId=nexbid-notifications] Group coordinator 127.0.0.1:59092 (id: 2147483646 rack: null isFenced: false) is unavailable or invalid due to cause: error response NOT_COORDINATOR. isDisconnected: false. Rediscovery will be attempted.
2026-09-25T07:40:13.820+07:00  INFO 29860 --- [nexbid] [fications-0-C-1] o.a.k.c.c.internals.ConsumerCoordinator  : [Consumer clientId=consumer-nexbid-notifications-1, groupId=nexbid-notifications] Requesting disconnect from last known coordinator 127.0.0.1:59092 (id: 2147483646 rack: null isFenced: false)
2026-09-25T07:40:13.820+07:00  INFO 29860 --- [nexbid] [fications-0-C-1] o.a.k.c.c.internals.ConsumerCoordinator  : [Consumer clientId=consumer-nexbid-notifications-1, groupId=nexbid-notifications] JoinGroup failed: This is not the correct coordinator. Marking coordinator unknown. Sent generation was Generation{generationId=-1, memberId='', protocol='null'}
2026-09-25T07:40:13.820+07:00  INFO 29860 --- [nexbid] [fications-0-C-1] org.apache.kafka.clients.NetworkClient   : [Consumer clientId=consumer-nexbid-notifications-1, groupId=nexbid-notifications] Client requested disconnect from node 2147483646
2026-09-25T07:40:13.822+07:00  INFO 29860 --- [nexbid] [fications-0-C-1] o.a.k.c.c.internals.ConsumerCoordinator  : [Consumer clientId=consumer-nexbid-notifications-1, groupId=nexbid-notifications] Discovered group coordinator 127.0.0.1:59092 (id: 2147483646 rack: null isFenced: false)
2026-09-25T07:40:13.822+07:00  INFO 29860 --- [nexbid] [fications-0-C-1] o.a.k.c.c.internals.ConsumerCoordinator  : [Consumer clientId=consumer-nexbid-notifications-1, groupId=nexbid-notifications] Group coordinator 127.0.0.1:59092 (id: 2147483646 rack: null isFenced: false) is unavailable or invalid due to cause: coordinator unavailable. isDisconnected: false. Rediscovery will be attempted.
2026-09-25T07:40:13.822+07:00  INFO 29860 --- [nexbid] [fications-0-C-1] o.a.k.c.c.internals.ConsumerCoordinator  : [Consumer clientId=consumer-nexbid-notifications-1, groupId=nexbid-notifications] Requesting disconnect from last known coordinator 127.0.0.1:59092 (id: 2147483646 rack: null isFenced: false)
2026-09-25T07:40:13.823+07:00  INFO 29860 --- [nexbid] [fications-2-C-1] o.a.k.c.c.internals.ConsumerCoordinator  : [Consumer clientId=consumer-nexbid-notifications-3, groupId=nexbid-notifications] Discovered group coordinator 127.0.0.1:59092 (id: 2147483646 rack: null isFenced: false)
2026-09-25T07:40:13.824+07:00  INFO 29860 --- [nexbid] [fications-2-C-1] o.a.k.c.c.internals.ConsumerCoordinator  : [Consumer clientId=consumer-nexbid-notifications-3, groupId=nexbid-notifications] Request joining group due to: rebalance failed due to 'This is not the correct coordinator.' (NotCoordinatorException)
2026-09-25T07:40:13.824+07:00  INFO 29860 --- [nexbid] [fications-2-C-1] o.a.k.c.c.internals.ConsumerCoordinator  : [Consumer clientId=consumer-nexbid-notifications-3, groupId=nexbid-notifications] (Re-)joining group
2026-09-25T07:40:13.826+07:00  INFO 29860 --- [nexbid] [fications-2-C-1] o.a.k.c.c.internals.ConsumerCoordinator  : [Consumer clientId=consumer-nexbid-notifications-3, groupId=nexbid-notifications] Group coordinator 127.0.0.1:59092 (id: 2147483646 rack: null isFenced: false) is unavailable or invalid due to cause: error response NOT_COORDINATOR. isDisconnected: false. Rediscovery will be attempted.
2026-09-25T07:40:13.826+07:00  INFO 29860 --- [nexbid] [fications-2-C-1] o.a.k.c.c.internals.ConsumerCoordinator  : [Consumer clientId=consumer-nexbid-notifications-3, groupId=nexbid-notifications] Requesting disconnect from last known coordinator 127.0.0.1:59092 (id: 2147483646 rack: null isFenced: false)
2026-09-25T07:40:13.826+07:00  INFO 29860 --- [nexbid] [fications-2-C-1] o.a.k.c.c.internals.ConsumerCoordinator  : [Consumer clientId=consumer-nexbid-notifications-3, groupId=nexbid-notifications] JoinGroup failed: This is not the correct coordinator. Marking coordinator unknown. Sent generation was Generation{generationId=-1, memberId='', protocol='null'}
2026-09-25T07:40:13.826+07:00  INFO 29860 --- [nexbid] [fications-2-C-1] org.apache.kafka.clients.NetworkClient   : [Consumer clientId=consumer-nexbid-notifications-3, groupId=nexbid-notifications] Client requested disconnect from node 2147483646
2026-09-25T07:40:13.828+07:00  INFO 29860 --- [nexbid] [fications-2-C-1] o.a.k.c.c.internals.ConsumerCoordinator  : [Consumer clientId=consumer-nexbid-notifications-3, groupId=nexbid-notifications] Discovered group coordinator 127.0.0.1:59092 (id: 2147483646 rack: null isFenced: false)
2026-09-25T07:40:13.828+07:00  INFO 29860 --- [nexbid] [fications-2-C-1] o.a.k.c.c.internals.ConsumerCoordinator  : [Consumer clientId=consumer-nexbid-notifications-3, groupId=nexbid-notifications] Group coordinator 127.0.0.1:59092 (id: 2147483646 rack: null isFenced: false) is unavailable or invalid due to cause: coordinator unavailable. isDisconnected: false. Rediscovery will be attempted.
2026-09-25T07:40:13.828+07:00  INFO 29860 --- [nexbid] [fications-2-C-1] o.a.k.c.c.internals.ConsumerCoordinator  : [Consumer clientId=consumer-nexbid-notifications-3, groupId=nexbid-notifications] Requesting disconnect from last known coordinator 127.0.0.1:59092 (id: 2147483646 rack: null isFenced: false)
2026-09-25T07:40:13.867+07:00  INFO 29860 --- [nexbid] [fications-1-C-1] o.a.k.c.c.internals.ConsumerCoordinator  : [Consumer clientId=consumer-nexbid-notifications-2, groupId=nexbid-notifications] Discovered group coordinator 127.0.0.1:59092 (id: 2147483646 rack: null isFenced: false)
2026-09-25T07:40:13.869+07:00  INFO 29860 --- [nexbid] [fications-1-C-1] o.a.k.c.c.internals.ConsumerCoordinator  : [Consumer clientId=consumer-nexbid-notifications-2, groupId=nexbid-notifications] Request joining group due to: rebalance failed due to 'This is not the correct coordinator.' (NotCoordinatorException)
2026-09-25T07:40:13.869+07:00  INFO 29860 --- [nexbid] [fications-1-C-1] o.a.k.c.c.internals.ConsumerCoordinator  : [Consumer clientId=consumer-nexbid-notifications-2, groupId=nexbid-notifications] (Re-)joining group
2026-09-25T07:40:13.872+07:00  INFO 29860 --- [nexbid] [fications-1-C-1] o.a.k.c.c.internals.ConsumerCoordinator  : [Consumer clientId=consumer-nexbid-notifications-2, groupId=nexbid-notifications] Group coordinator 127.0.0.1:59092 (id: 2147483646 rack: null isFenced: false) is unavailable or invalid due to cause: error response NOT_COORDINATOR. isDisconnected: false. Rediscovery will be attempted.
2026-09-25T07:40:13.872+07:00  INFO 29860 --- [nexbid] [fications-1-C-1] o.a.k.c.c.internals.ConsumerCoordinator  : [Consumer clientId=consumer-nexbid-notifications-2, groupId=nexbid-notifications] Requesting disconnect from last known coordinator 127.0.0.1:59092 (id: 2147483646 rack: null isFenced: false)
2026-09-25T07:40:13.872+07:00  INFO 29860 --- [nexbid] [fications-1-C-1] o.a.k.c.c.internals.ConsumerCoordinator  : [Consumer clientId=consumer-nexbid-notifications-2, groupId=nexbid-notifications] JoinGroup failed: This is not the correct coordinator. Marking coordinator unknown. Sent generation was Generation{generationId=-1, memberId='', protocol='null'}
2026-09-25T07:40:13.872+07:00  INFO 29860 --- [nexbid] [fications-1-C-1] org.apache.kafka.clients.NetworkClient   : [Consumer clientId=consumer-nexbid-notifications-2, groupId=nexbid-notifications] Client requested disconnect from node 2147483646
2026-09-25T07:40:13.873+07:00  INFO 29860 --- [nexbid] [fications-1-C-1] o.a.k.c.c.internals.ConsumerCoordinator  : [Consumer clientId=consumer-nexbid-notifications-2, groupId=nexbid-notifications] Discovered group coordinator 127.0.0.1:59092 (id: 2147483646 rack: null isFenced: false)
2026-09-25T07:40:13.873+07:00  INFO 29860 --- [nexbid] [fications-1-C-1] o.a.k.c.c.internals.ConsumerCoordinator  : [Consumer clientId=consumer-nexbid-notifications-2, groupId=nexbid-notifications] Group coordinator 127.0.0.1:59092 (id: 2147483646 rack: null isFenced: false) is unavailable or invalid due to cause: coordinator unavailable. isDisconnected: false. Rediscovery will be attempted.
2026-09-25T07:40:13.873+07:00  INFO 29860 --- [nexbid] [fications-1-C-1] o.a.k.c.c.internals.ConsumerCoordinator  : [Consumer clientId=consumer-nexbid-notifications-2, groupId=nexbid-notifications] Requesting disconnect from last known coordinator 127.0.0.1:59092 (id: 2147483646 rack: null isFenced: false)
2026-09-25T07:40:13.927+07:00  INFO 29860 --- [nexbid] [fications-2-C-1] o.a.k.c.c.internals.ConsumerCoordinator  : [Consumer clientId=consumer-nexbid-notifications-3, groupId=nexbid-notifications] Discovered group coordinator 127.0.0.1:59092 (id: 2147483646 rack: null isFenced: false)
2026-09-25T07:40:13.928+07:00  INFO 29860 --- [nexbid] [fications-2-C-1] o.a.k.c.c.internals.ConsumerCoordinator  : [Consumer clientId=consumer-nexbid-notifications-3, groupId=nexbid-notifications] Request joining group due to: rebalance failed due to 'This is not the correct coordinator.' (NotCoordinatorException)
2026-09-25T07:40:13.929+07:00  INFO 29860 --- [nexbid] [fications-2-C-1] o.a.k.c.c.internals.ConsumerCoordinator  : [Consumer clientId=consumer-nexbid-notifications-3, groupId=nexbid-notifications] (Re-)joining group
2026-09-25T07:40:13.931+07:00  INFO 29860 --- [nexbid] [fications-2-C-1] o.a.k.c.c.internals.ConsumerCoordinator  : [Consumer clientId=consumer-nexbid-notifications-3, groupId=nexbid-notifications] Group coordinator 127.0.0.1:59092 (id: 2147483646 rack: null isFenced: false) is unavailable or invalid due to cause: error response NOT_COORDINATOR. isDisconnected: false. Rediscovery will be attempted.
2026-09-25T07:40:13.932+07:00  INFO 29860 --- [nexbid] [fications-2-C-1] o.a.k.c.c.internals.ConsumerCoordinator  : [Consumer clientId=consumer-nexbid-notifications-3, groupId=nexbid-notifications] Requesting disconnect from last known coordinator 127.0.0.1:59092 (id: 2147483646 rack: null isFenced: false)
2026-09-25T07:40:13.932+07:00  INFO 29860 --- [nexbid] [fications-2-C-1] o.a.k.c.c.internals.ConsumerCoordinator  : [Consumer clientId=consumer-nexbid-notifications-3, groupId=nexbid-notifications] JoinGroup failed: This is not the correct coordinator. Marking coordinator unknown. Sent generation was Generation{generationId=-1, memberId='', protocol='null'}
2026-09-25T07:40:13.933+07:00  INFO 29860 --- [nexbid] [fications-2-C-1] org.apache.kafka.clients.NetworkClient   : [Consumer clientId=consumer-nexbid-notifications-3, groupId=nexbid-notifications] Client requested disconnect from node 2147483646
2026-09-25T07:40:13.935+07:00  INFO 29860 --- [nexbid] [fications-2-C-1] o.a.k.c.c.internals.ConsumerCoordinator  : [Consumer clientId=consumer-nexbid-notifications-3, groupId=nexbid-notifications] Discovered group coordinator 127.0.0.1:59092 (id: 2147483646 rack: null isFenced: false)
2026-09-25T07:40:13.935+07:00  INFO 29860 --- [nexbid] [fications-2-C-1] o.a.k.c.c.internals.ConsumerCoordinator  : [Consumer clientId=consumer-nexbid-notifications-3, groupId=nexbid-notifications] Group coordinator 127.0.0.1:59092 (id: 2147483646 rack: null isFenced: false) is unavailable or invalid due to cause: coordinator unavailable. isDisconnected: false. Rediscovery will be attempted.
2026-09-25T07:40:13.935+07:00  INFO 29860 --- [nexbid] [fications-2-C-1] o.a.k.c.c.internals.ConsumerCoordinator  : [Consumer clientId=consumer-nexbid-notifications-3, groupId=nexbid-notifications] Requesting disconnect from last known coordinator 127.0.0.1:59092 (id: 2147483646 rack: null isFenced: false)
2026-09-25T07:40:13.936+07:00  INFO 29860 --- [nexbid] [fications-0-C-1] o.a.k.c.c.internals.ConsumerCoordinator  : [Consumer clientId=consumer-nexbid-notifications-1, groupId=nexbid-notifications] Discovered group coordinator 127.0.0.1:59092 (id: 2147483646 rack: null isFenced: false)
2026-09-25T07:40:13.937+07:00  INFO 29860 --- [nexbid] [fications-0-C-1] o.a.k.c.c.internals.ConsumerCoordinator  : [Consumer clientId=consumer-nexbid-notifications-1, groupId=nexbid-notifications] Request joining group due to: rebalance failed due to 'This is not the correct coordinator.' (NotCoordinatorException)
2026-09-25T07:40:13.937+07:00  INFO 29860 --- [nexbid] [fications-0-C-1] o.a.k.c.c.internals.ConsumerCoordinator  : [Consumer clientId=consumer-nexbid-notifications-1, groupId=nexbid-notifications] (Re-)joining group
2026-09-25T07:40:13.940+07:00  INFO 29860 --- [nexbid] [fications-0-C-1] o.a.k.c.c.internals.ConsumerCoordinator  : [Consumer clientId=consumer-nexbid-notifications-1, groupId=nexbid-notifications] Group coordinator 127.0.0.1:59092 (id: 2147483646 rack: null isFenced: false) is unavailable or invalid due to cause: error response NOT_COORDINATOR. isDisconnected: false. Rediscovery will be attempted.
2026-09-25T07:40:13.940+07:00  INFO 29860 --- [nexbid] [fications-0-C-1] o.a.k.c.c.internals.ConsumerCoordinator  : [Consumer clientId=consumer-nexbid-notifications-1, groupId=nexbid-notifications] Requesting disconnect from last known coordinator 127.0.0.1:59092 (id: 2147483646 rack: null isFenced: false)
2026-09-25T07:40:13.940+07:00  INFO 29860 --- [nexbid] [fications-0-C-1] o.a.k.c.c.internals.ConsumerCoordinator  : [Consumer clientId=consumer-nexbid-notifications-1, groupId=nexbid-notifications] JoinGroup failed: This is not the correct coordinator. Marking coordinator unknown. Sent generation was Generation{generationId=-1, memberId='', protocol='null'}
2026-09-25T07:40:13.940+07:00  INFO 29860 --- [nexbid] [fications-0-C-1] org.apache.kafka.clients.NetworkClient   : [Consumer clientId=consumer-nexbid-notifications-1, groupId=nexbid-notifications] Client requested disconnect from node 2147483646
2026-09-25T07:40:13.941+07:00  INFO 29860 --- [nexbid] [fications-0-C-1] o.a.k.c.c.internals.ConsumerCoordinator  : [Consumer clientId=consumer-nexbid-notifications-1, groupId=nexbid-notifications] Discovered group coordinator 127.0.0.1:59092 (id: 2147483646 rack: null isFenced: false)
2026-09-25T07:40:13.941+07:00  INFO 29860 --- [nexbid] [fications-0-C-1] o.a.k.c.c.internals.ConsumerCoordinator  : [Consumer clientId=consumer-nexbid-notifications-1, groupId=nexbid-notifications] Group coordinator 127.0.0.1:59092 (id: 2147483646 rack: null isFenced: false) is unavailable or invalid due to cause: coordinator unavailable. isDisconnected: false. Rediscovery will be attempted.
2026-09-25T07:40:13.941+07:00  INFO 29860 --- [nexbid] [fications-0-C-1] o.a.k.c.c.internals.ConsumerCoordinator  : [Consumer clientId=consumer-nexbid-notifications-1, groupId=nexbid-notifications] Requesting disconnect from last known coordinator 127.0.0.1:59092 (id: 2147483646 rack: null isFenced: false)
2026-09-25T07:40:13.959+07:00  INFO 29860 --- [nexbid] [fications-1-C-1] o.a.k.c.c.internals.ConsumerCoordinator  : [Consumer clientId=consumer-nexbid-notifications-2, groupId=nexbid-notifications] Discovered group coordinator 127.0.0.1:59092 (id: 2147483646 rack: null isFenced: false)
2026-09-25T07:40:13.960+07:00  INFO 29860 --- [nexbid] [fications-1-C-1] o.a.k.c.c.internals.ConsumerCoordinator  : [Consumer clientId=consumer-nexbid-notifications-2, groupId=nexbid-notifications] Request joining group due to: rebalance failed due to 'This is not the correct coordinator.' (NotCoordinatorException)
2026-09-25T07:40:13.961+07:00  INFO 29860 --- [nexbid] [fications-1-C-1] o.a.k.c.c.internals.ConsumerCoordinator  : [Consumer clientId=consumer-nexbid-notifications-2, groupId=nexbid-notifications] (Re-)joining group
2026-09-25T07:40:13.963+07:00  INFO 29860 --- [nexbid] [fications-1-C-1] o.a.k.c.c.internals.ConsumerCoordinator  : [Consumer clientId=consumer-nexbid-notifications-2, groupId=nexbid-notifications] Group coordinator 127.0.0.1:59092 (id: 2147483646 rack: null isFenced: false) is unavailable or invalid due to cause: error response NOT_COORDINATOR. isDisconnected: false. Rediscovery will be attempted.
2026-09-25T07:40:13.963+07:00  INFO 29860 --- [nexbid] [fications-1-C-1] o.a.k.c.c.internals.ConsumerCoordinator  : [Consumer clientId=consumer-nexbid-notifications-2, groupId=nexbid-notifications] Requesting disconnect from last known coordinator 127.0.0.1:59092 (id: 2147483646 rack: null isFenced: false)
2026-09-25T07:40:13.963+07:00  INFO 29860 --- [nexbid] [fications-1-C-1] o.a.k.c.c.internals.ConsumerCoordinator  : [Consumer clientId=consumer-nexbid-notifications-2, groupId=nexbid-notifications] JoinGroup failed: This is not the correct coordinator. Marking coordinator unknown. Sent generation was Generation{generationId=-1, memberId='', protocol='null'}
2026-09-25T07:40:13.963+07:00  INFO 29860 --- [nexbid] [fications-1-C-1] org.apache.kafka.clients.NetworkClient   : [Consumer clientId=consumer-nexbid-notifications-2, groupId=nexbid-notifications] Client requested disconnect from node 2147483646
2026-09-25T07:40:13.964+07:00  INFO 29860 --- [nexbid] [fications-1-C-1] o.a.k.c.c.internals.ConsumerCoordinator  : [Consumer clientId=consumer-nexbid-notifications-2, groupId=nexbid-notifications] Discovered group coordinator 127.0.0.1:59092 (id: 2147483646 rack: null isFenced: false)
2026-09-25T07:40:13.964+07:00  INFO 29860 --- [nexbid] [fications-1-C-1] o.a.k.c.c.internals.ConsumerCoordinator  : [Consumer clientId=consumer-nexbid-notifications-2, groupId=nexbid-notifications] Group coordinator 127.0.0.1:59092 (id: 2147483646 rack: null isFenced: false) is unavailable or invalid due to cause: coordinator unavailable. isDisconnected: false. Rediscovery will be attempted.
2026-09-25T07:40:13.964+07:00  INFO 29860 --- [nexbid] [fications-1-C-1] o.a.k.c.c.internals.ConsumerCoordinator  : [Consumer clientId=consumer-nexbid-notifications-2, groupId=nexbid-notifications] Requesting disconnect from last known coordinator 127.0.0.1:59092 (id: 2147483646 rack: null isFenced: false)
2026-09-25T07:40:14.041+07:00  INFO 29860 --- [nexbid] [fications-2-C-1] o.a.k.c.c.internals.ConsumerCoordinator  : [Consumer clientId=consumer-nexbid-notifications-3, groupId=nexbid-notifications] Discovered group coordinator 127.0.0.1:59092 (id: 2147483646 rack: null isFenced: false)
2026-09-25T07:40:14.042+07:00  INFO 29860 --- [nexbid] [fications-2-C-1] o.a.k.c.c.internals.ConsumerCoordinator  : [Consumer clientId=consumer-nexbid-notifications-3, groupId=nexbid-notifications] Request joining group due to: rebalance failed due to 'This is not the correct coordinator.' (NotCoordinatorException)
2026-09-25T07:40:14.042+07:00  INFO 29860 --- [nexbid] [fications-2-C-1] o.a.k.c.c.internals.ConsumerCoordinator  : [Consumer clientId=consumer-nexbid-notifications-3, groupId=nexbid-notifications] (Re-)joining group
2026-09-25T07:40:14.045+07:00  INFO 29860 --- [nexbid] [fications-2-C-1] o.a.k.c.c.internals.ConsumerCoordinator  : [Consumer clientId=consumer-nexbid-notifications-3, groupId=nexbid-notifications] Group coordinator 127.0.0.1:59092 (id: 2147483646 rack: null isFenced: false) is unavailable or invalid due to cause: error response NOT_COORDINATOR. isDisconnected: false. Rediscovery will be attempted.
2026-09-25T07:40:14.045+07:00  INFO 29860 --- [nexbid] [fications-2-C-1] o.a.k.c.c.internals.ConsumerCoordinator  : [Consumer clientId=consumer-nexbid-notifications-3, groupId=nexbid-notifications] Requesting disconnect from last known coordinator 127.0.0.1:59092 (id: 2147483646 rack: null isFenced: false)
2026-09-25T07:40:14.045+07:00  INFO 29860 --- [nexbid] [fications-2-C-1] o.a.k.c.c.internals.ConsumerCoordinator  : [Consumer clientId=consumer-nexbid-notifications-3, groupId=nexbid-notifications] JoinGroup failed: This is not the correct coordinator. Marking coordinator unknown. Sent generation was Generation{generationId=-1, memberId='', protocol='null'}
2026-09-25T07:40:14.045+07:00  INFO 29860 --- [nexbid] [fications-2-C-1] org.apache.kafka.clients.NetworkClient   : [Consumer clientId=consumer-nexbid-notifications-3, groupId=nexbid-notifications] Client requested disconnect from node 2147483646
2026-09-25T07:40:14.046+07:00  INFO 29860 --- [nexbid] [fications-2-C-1] o.a.k.c.c.internals.ConsumerCoordinator  : [Consumer clientId=consumer-nexbid-notifications-3, groupId=nexbid-notifications] Discovered group coordinator 127.0.0.1:59092 (id: 2147483646 rack: null isFenced: false)
2026-09-25T07:40:14.046+07:00  INFO 29860 --- [nexbid] [fications-2-C-1] o.a.k.c.c.internals.ConsumerCoordinator  : [Consumer clientId=consumer-nexbid-notifications-3, groupId=nexbid-notifications] Group coordinator 127.0.0.1:59092 (id: 2147483646 rack: null isFenced: false) is unavailable or invalid due to cause: coordinator unavailable. isDisconnected: false. Rediscovery will be attempted.
2026-09-25T07:40:14.046+07:00  INFO 29860 --- [nexbid] [fications-2-C-1] o.a.k.c.c.internals.ConsumerCoordinator  : [Consumer clientId=consumer-nexbid-notifications-3, groupId=nexbid-notifications] Requesting disconnect from last known coordinator 127.0.0.1:59092 (id: 2147483646 rack: null isFenced: false)
2026-09-25T07:40:14.049+07:00  INFO 29860 --- [nexbid] [fications-0-C-1] o.a.k.c.c.internals.ConsumerCoordinator  : [Consumer clientId=consumer-nexbid-notifications-1, groupId=nexbid-notifications] Discovered group coordinator 127.0.0.1:59092 (id: 2147483646 rack: null isFenced: false)
2026-09-25T07:40:14.050+07:00  INFO 29860 --- [nexbid] [fications-0-C-1] o.a.k.c.c.internals.ConsumerCoordinator  : [Consumer clientId=consumer-nexbid-notifications-1, groupId=nexbid-notifications] Request joining group due to: rebalance failed due to 'This is not the correct coordinator.' (NotCoordinatorException)
2026-09-25T07:40:14.051+07:00  INFO 29860 --- [nexbid] [fications-0-C-1] o.a.k.c.c.internals.ConsumerCoordinator  : [Consumer clientId=consumer-nexbid-notifications-1, groupId=nexbid-notifications] (Re-)joining group
2026-09-25T07:40:14.053+07:00  INFO 29860 --- [nexbid] [fications-0-C-1] o.a.k.c.c.internals.ConsumerCoordinator  : [Consumer clientId=consumer-nexbid-notifications-1, groupId=nexbid-notifications] Group coordinator 127.0.0.1:59092 (id: 2147483646 rack: null isFenced: false) is unavailable or invalid due to cause: error response NOT_COORDINATOR. isDisconnected: false. Rediscovery will be attempted.
2026-09-25T07:40:14.053+07:00  INFO 29860 --- [nexbid] [fications-0-C-1] o.a.k.c.c.internals.ConsumerCoordinator  : [Consumer clientId=consumer-nexbid-notifications-1, groupId=nexbid-notifications] Requesting disconnect from last known coordinator 127.0.0.1:59092 (id: 2147483646 rack: null isFenced: false)
2026-09-25T07:40:14.053+07:00  INFO 29860 --- [nexbid] [fications-0-C-1] o.a.k.c.c.internals.ConsumerCoordinator  : [Consumer clientId=consumer-nexbid-notifications-1, groupId=nexbid-notifications] JoinGroup failed: This is not the correct coordinator. Marking coordinator unknown. Sent generation was Generation{generationId=-1, memberId='', protocol='null'}
2026-09-25T07:40:14.053+07:00  INFO 29860 --- [nexbid] [fications-0-C-1] org.apache.kafka.clients.NetworkClient   : [Consumer clientId=consumer-nexbid-notifications-1, groupId=nexbid-notifications] Client requested disconnect from node 2147483646
2026-09-25T07:40:14.055+07:00  INFO 29860 --- [nexbid] [fications-0-C-1] o.a.k.c.c.internals.ConsumerCoordinator  : [Consumer clientId=consumer-nexbid-notifications-1, groupId=nexbid-notifications] Discovered group coordinator 127.0.0.1:59092 (id: 2147483646 rack: null isFenced: false)
2026-09-25T07:40:14.055+07:00  INFO 29860 --- [nexbid] [fications-0-C-1] o.a.k.c.c.internals.ConsumerCoordinator  : [Consumer clientId=consumer-nexbid-notifications-1, groupId=nexbid-notifications] Group coordinator 127.0.0.1:59092 (id: 2147483646 rack: null isFenced: false) is unavailable or invalid due to cause: coordinator unavailable. isDisconnected: false. Rediscovery will be attempted.
2026-09-25T07:40:14.055+07:00  INFO 29860 --- [nexbid] [fications-0-C-1] o.a.k.c.c.internals.ConsumerCoordinator  : [Consumer clientId=consumer-nexbid-notifications-1, groupId=nexbid-notifications] Requesting disconnect from last known coordinator 127.0.0.1:59092 (id: 2147483646 rack: null isFenced: false)
2026-09-25T07:40:14.067+07:00  INFO 29860 --- [nexbid] [fications-1-C-1] o.a.k.c.c.internals.ConsumerCoordinator  : [Consumer clientId=consumer-nexbid-notifications-2, groupId=nexbid-notifications] Discovered group coordinator 127.0.0.1:59092 (id: 2147483646 rack: null isFenced: false)
2026-09-25T07:40:14.068+07:00  INFO 29860 --- [nexbid] [fications-1-C-1] o.a.k.c.c.internals.ConsumerCoordinator  : [Consumer clientId=consumer-nexbid-notifications-2, groupId=nexbid-notifications] Request joining group due to: rebalance failed due to 'This is not the correct coordinator.' (NotCoordinatorException)
2026-09-25T07:40:14.068+07:00  INFO 29860 --- [nexbid] [fications-1-C-1] o.a.k.c.c.internals.ConsumerCoordinator  : [Consumer clientId=consumer-nexbid-notifications-2, groupId=nexbid-notifications] (Re-)joining group
2026-09-25T07:40:14.071+07:00  INFO 29860 --- [nexbid] [fications-1-C-1] o.a.k.c.c.internals.ConsumerCoordinator  : [Consumer clientId=consumer-nexbid-notifications-2, groupId=nexbid-notifications] Group coordinator 127.0.0.1:59092 (id: 2147483646 rack: null isFenced: false) is unavailable or invalid due to cause: error response NOT_COORDINATOR. isDisconnected: false. Rediscovery will be attempted.
2026-09-25T07:40:14.071+07:00  INFO 29860 --- [nexbid] [fications-1-C-1] o.a.k.c.c.internals.ConsumerCoordinator  : [Consumer clientId=consumer-nexbid-notifications-2, groupId=nexbid-notifications] Requesting disconnect from last known coordinator 127.0.0.1:59092 (id: 2147483646 rack: null isFenced: false)
2026-09-25T07:40:14.071+07:00  INFO 29860 --- [nexbid] [fications-1-C-1] o.a.k.c.c.internals.ConsumerCoordinator  : [Consumer clientId=consumer-nexbid-notifications-2, groupId=nexbid-notifications] JoinGroup failed: This is not the correct coordinator. Marking coordinator unknown. Sent generation was Generation{generationId=-1, memberId='', protocol='null'}
2026-09-25T07:40:14.071+07:00  INFO 29860 --- [nexbid] [fications-1-C-1] org.apache.kafka.clients.NetworkClient   : [Consumer clientId=consumer-nexbid-notifications-2, groupId=nexbid-notifications] Client requested disconnect from node 2147483646
2026-09-25T07:40:14.072+07:00  INFO 29860 --- [nexbid] [fications-1-C-1] o.a.k.c.c.internals.ConsumerCoordinator  : [Consumer clientId=consumer-nexbid-notifications-2, groupId=nexbid-notifications] Discovered group coordinator 127.0.0.1:59092 (id: 2147483646 rack: null isFenced: false)
2026-09-25T07:40:14.072+07:00  INFO 29860 --- [nexbid] [fications-1-C-1] o.a.k.c.c.internals.ConsumerCoordinator  : [Consumer clientId=consumer-nexbid-notifications-2, groupId=nexbid-notifications] Group coordinator 127.0.0.1:59092 (id: 2147483646 rack: null isFenced: false) is unavailable or invalid due to cause: coordinator unavailable. isDisconnected: false. Rediscovery will be attempted.
2026-09-25T07:40:14.072+07:00  INFO 29860 --- [nexbid] [fications-1-C-1] o.a.k.c.c.internals.ConsumerCoordinator  : [Consumer clientId=consumer-nexbid-notifications-2, groupId=nexbid-notifications] Requesting disconnect from last known coordinator 127.0.0.1:59092 (id: 2147483646 rack: null isFenced: false)
2026-09-25T07:40:14.140+07:00  INFO 29860 --- [nexbid] [fications-2-C-1] o.a.k.c.c.internals.ConsumerCoordinator  : [Consumer clientId=consumer-nexbid-notifications-3, groupId=nexbid-notifications] Discovered group coordinator 127.0.0.1:59092 (id: 2147483646 rack: null isFenced: false)
2026-09-25T07:40:14.141+07:00  INFO 29860 --- [nexbid] [fications-2-C-1] o.a.k.c.c.internals.ConsumerCoordinator  : [Consumer clientId=consumer-nexbid-notifications-3, groupId=nexbid-notifications] Request joining group due to: rebalance failed due to 'This is not the correct coordinator.' (NotCoordinatorException)
2026-09-25T07:40:14.141+07:00  INFO 29860 --- [nexbid] [fications-2-C-1] o.a.k.c.c.internals.ConsumerCoordinator  : [Consumer clientId=consumer-nexbid-notifications-3, groupId=nexbid-notifications] (Re-)joining group
2026-09-25T07:40:14.143+07:00  INFO 29860 --- [nexbid] [fications-2-C-1] o.a.k.c.c.internals.ConsumerCoordinator  : [Consumer clientId=consumer-nexbid-notifications-3, groupId=nexbid-notifications] Group coordinator 127.0.0.1:59092 (id: 2147483646 rack: null isFenced: false) is unavailable or invalid due to cause: error response NOT_COORDINATOR. isDisconnected: false. Rediscovery will be attempted.
2026-09-25T07:40:14.143+07:00  INFO 29860 --- [nexbid] [fications-2-C-1] o.a.k.c.c.internals.ConsumerCoordinator  : [Consumer clientId=consumer-nexbid-notifications-3, groupId=nexbid-notifications] Requesting disconnect from last known coordinator 127.0.0.1:59092 (id: 2147483646 rack: null isFenced: false)
2026-09-25T07:40:14.143+07:00  INFO 29860 --- [nexbid] [fications-2-C-1] o.a.k.c.c.internals.ConsumerCoordinator  : [Consumer clientId=consumer-nexbid-notifications-3, groupId=nexbid-notifications] JoinGroup failed: This is not the correct coordinator. Marking coordinator unknown. Sent generation was Generation{generationId=-1, memberId='', protocol='null'}
2026-09-25T07:40:14.143+07:00  INFO 29860 --- [nexbid] [fications-2-C-1] org.apache.kafka.clients.NetworkClient   : [Consumer clientId=consumer-nexbid-notifications-3, groupId=nexbid-notifications] Client requested disconnect from node 2147483646
2026-09-25T07:40:14.145+07:00  INFO 29860 --- [nexbid] [fications-2-C-1] o.a.k.c.c.internals.ConsumerCoordinator  : [Consumer clientId=consumer-nexbid-notifications-3, groupId=nexbid-notifications] Discovered group coordinator 127.0.0.1:59092 (id: 2147483646 rack: null isFenced: false)
2026-09-25T07:40:14.145+07:00  INFO 29860 --- [nexbid] [fications-2-C-1] o.a.k.c.c.internals.ConsumerCoordinator  : [Consumer clientId=consumer-nexbid-notifications-3, groupId=nexbid-notifications] Group coordinator 127.0.0.1:59092 (id: 2147483646 rack: null isFenced: false) is unavailable or invalid due to cause: coordinator unavailable. isDisconnected: false. Rediscovery will be attempted.
2026-09-25T07:40:14.145+07:00  INFO 29860 --- [nexbid] [fications-2-C-1] o.a.k.c.c.internals.ConsumerCoordinator  : [Consumer clientId=consumer-nexbid-notifications-3, groupId=nexbid-notifications] Requesting disconnect from last known coordinator 127.0.0.1:59092 (id: 2147483646 rack: null isFenced: false)
2026-09-25T07:40:14.159+07:00  INFO 29860 --- [nexbid] [fications-0-C-1] o.a.k.c.c.internals.ConsumerCoordinator  : [Consumer clientId=consumer-nexbid-notifications-1, groupId=nexbid-notifications] Discovered group coordinator 127.0.0.1:59092 (id: 2147483646 rack: null isFenced: false)
2026-09-25T07:40:14.160+07:00  INFO 29860 --- [nexbid] [fications-0-C-1] o.a.k.c.c.internals.ConsumerCoordinator  : [Consumer clientId=consumer-nexbid-notifications-1, groupId=nexbid-notifications] Request joining group due to: rebalance failed due to 'This is not the correct coordinator.' (NotCoordinatorException)
2026-09-25T07:40:14.160+07:00  INFO 29860 --- [nexbid] [fications-0-C-1] o.a.k.c.c.internals.ConsumerCoordinator  : [Consumer clientId=consumer-nexbid-notifications-1, groupId=nexbid-notifications] (Re-)joining group
2026-09-25T07:40:14.162+07:00  INFO 29860 --- [nexbid] [fications-0-C-1] o.a.k.c.c.internals.ConsumerCoordinator  : [Consumer clientId=consumer-nexbid-notifications-1, groupId=nexbid-notifications] Group coordinator 127.0.0.1:59092 (id: 2147483646 rack: null isFenced: false) is unavailable or invalid due to cause: error response NOT_COORDINATOR. isDisconnected: false. Rediscovery will be attempted.
2026-09-25T07:40:14.162+07:00  INFO 29860 --- [nexbid] [fications-0-C-1] o.a.k.c.c.internals.ConsumerCoordinator  : [Consumer clientId=consumer-nexbid-notifications-1, groupId=nexbid-notifications] Requesting disconnect from last known coordinator 127.0.0.1:59092 (id: 2147483646 rack: null isFenced: false)
2026-09-25T07:40:14.162+07:00  INFO 29860 --- [nexbid] [fications-0-C-1] o.a.k.c.c.internals.ConsumerCoordinator  : [Consumer clientId=consumer-nexbid-notifications-1, groupId=nexbid-notifications] JoinGroup failed: This is not the correct coordinator. Marking coordinator unknown. Sent generation was Generation{generationId=-1, memberId='', protocol='null'}
2026-09-25T07:40:14.162+07:00  INFO 29860 --- [nexbid] [fications-0-C-1] org.apache.kafka.clients.NetworkClient   : [Consumer clientId=consumer-nexbid-notifications-1, groupId=nexbid-notifications] Client requested disconnect from node 2147483646
2026-09-25T07:40:14.163+07:00  INFO 29860 --- [nexbid] [fications-1-C-1] o.a.k.c.c.internals.ConsumerCoordinator  : [Consumer clientId=consumer-nexbid-notifications-2, groupId=nexbid-notifications] Discovered group coordinator 127.0.0.1:59092 (id: 2147483646 rack: null isFenced: false)
2026-09-25T07:40:14.164+07:00  INFO 29860 --- [nexbid] [fications-1-C-1] o.a.k.c.c.internals.ConsumerCoordinator  : [Consumer clientId=consumer-nexbid-notifications-2, groupId=nexbid-notifications] Request joining group due to: rebalance failed due to 'This is not the correct coordinator.' (NotCoordinatorException)
2026-09-25T07:40:14.164+07:00  INFO 29860 --- [nexbid] [fications-1-C-1] o.a.k.c.c.internals.ConsumerCoordinator  : [Consumer clientId=consumer-nexbid-notifications-2, groupId=nexbid-notifications] (Re-)joining group
2026-09-25T07:40:14.164+07:00  INFO 29860 --- [nexbid] [fications-0-C-1] o.a.k.c.c.internals.ConsumerCoordinator  : [Consumer clientId=consumer-nexbid-notifications-1, groupId=nexbid-notifications] Discovered group coordinator 127.0.0.1:59092 (id: 2147483646 rack: null isFenced: false)
2026-09-25T07:40:14.164+07:00  INFO 29860 --- [nexbid] [fications-0-C-1] o.a.k.c.c.internals.ConsumerCoordinator  : [Consumer clientId=consumer-nexbid-notifications-1, groupId=nexbid-notifications] Group coordinator 127.0.0.1:59092 (id: 2147483646 rack: null isFenced: false) is unavailable or invalid due to cause: coordinator unavailable. isDisconnected: false. Rediscovery will be attempted.
2026-09-25T07:40:14.164+07:00  INFO 29860 --- [nexbid] [fications-0-C-1] o.a.k.c.c.internals.ConsumerCoordinator  : [Consumer clientId=consumer-nexbid-notifications-1, groupId=nexbid-notifications] Requesting disconnect from last known coordinator 127.0.0.1:59092 (id: 2147483646 rack: null isFenced: false)
2026-09-25T07:40:14.167+07:00  INFO 29860 --- [nexbid] [fications-1-C-1] o.a.k.c.c.internals.ConsumerCoordinator  : [Consumer clientId=consumer-nexbid-notifications-2, groupId=nexbid-notifications] Group coordinator 127.0.0.1:59092 (id: 2147483646 rack: null isFenced: false) is unavailable or invalid due to cause: error response NOT_COORDINATOR. isDisconnected: false. Rediscovery will be attempted.
2026-09-25T07:40:14.167+07:00  INFO 29860 --- [nexbid] [fications-1-C-1] o.a.k.c.c.internals.ConsumerCoordinator  : [Consumer clientId=consumer-nexbid-notifications-2, groupId=nexbid-notifications] Requesting disconnect from last known coordinator 127.0.0.1:59092 (id: 2147483646 rack: null isFenced: false)
2026-09-25T07:40:14.167+07:00  INFO 29860 --- [nexbid] [fications-1-C-1] o.a.k.c.c.internals.ConsumerCoordinator  : [Consumer clientId=consumer-nexbid-notifications-2, groupId=nexbid-notifications] JoinGroup failed: This is not the correct coordinator. Marking coordinator unknown. Sent generation was Generation{generationId=-1, memberId='', protocol='null'}
2026-09-25T07:40:14.168+07:00  INFO 29860 --- [nexbid] [fications-1-C-1] org.apache.kafka.clients.NetworkClient   : [Consumer clientId=consumer-nexbid-notifications-2, groupId=nexbid-notifications] Client requested disconnect from node 2147483646
2026-09-25T07:40:14.170+07:00  INFO 29860 --- [nexbid] [fications-1-C-1] o.a.k.c.c.internals.ConsumerCoordinator  : [Consumer clientId=consumer-nexbid-notifications-2, groupId=nexbid-notifications] Discovered group coordinator 127.0.0.1:59092 (id: 2147483646 rack: null isFenced: false)
2026-09-25T07:40:14.170+07:00  INFO 29860 --- [nexbid] [fications-1-C-1] o.a.k.c.c.internals.ConsumerCoordinator  : [Consumer clientId=consumer-nexbid-notifications-2, groupId=nexbid-notifications] Group coordinator 127.0.0.1:59092 (id: 2147483646 rack: null isFenced: false) is unavailable or invalid due to cause: coordinator unavailable. isDisconnected: false. Rediscovery will be attempted.
2026-09-25T07:40:14.171+07:00  INFO 29860 --- [nexbid] [fications-1-C-1] o.a.k.c.c.internals.ConsumerCoordinator  : [Consumer clientId=consumer-nexbid-notifications-2, groupId=nexbid-notifications] Requesting disconnect from last known coordinator 127.0.0.1:59092 (id: 2147483646 rack: null isFenced: false)
2026-09-25T07:40:14.245+07:00  INFO 29860 --- [nexbid] [fications-2-C-1] o.a.k.c.c.internals.ConsumerCoordinator  : [Consumer clientId=consumer-nexbid-notifications-3, groupId=nexbid-notifications] Discovered group coordinator 127.0.0.1:59092 (id: 2147483646 rack: null isFenced: false)
2026-09-25T07:40:14.247+07:00  INFO 29860 --- [nexbid] [fications-2-C-1] o.a.k.c.c.internals.ConsumerCoordinator  : [Consumer clientId=consumer-nexbid-notifications-3, groupId=nexbid-notifications] Request joining group due to: rebalance failed due to 'This is not the correct coordinator.' (NotCoordinatorException)
2026-09-25T07:40:14.247+07:00  INFO 29860 --- [nexbid] [fications-2-C-1] o.a.k.c.c.internals.ConsumerCoordinator  : [Consumer clientId=consumer-nexbid-notifications-3, groupId=nexbid-notifications] (Re-)joining group
2026-09-25T07:40:14.250+07:00  INFO 29860 --- [nexbid] [fications-2-C-1] o.a.k.c.c.internals.ConsumerCoordinator  : [Consumer clientId=consumer-nexbid-notifications-3, groupId=nexbid-notifications] Group coordinator 127.0.0.1:59092 (id: 2147483646 rack: null isFenced: false) is unavailable or invalid due to cause: error response NOT_COORDINATOR. isDisconnected: false. Rediscovery will be attempted.
2026-09-25T07:40:14.250+07:00  INFO 29860 --- [nexbid] [fications-2-C-1] o.a.k.c.c.internals.ConsumerCoordinator  : [Consumer clientId=consumer-nexbid-notifications-3, groupId=nexbid-notifications] Requesting disconnect from last known coordinator 127.0.0.1:59092 (id: 2147483646 rack: null isFenced: false)
2026-09-25T07:40:14.250+07:00  INFO 29860 --- [nexbid] [fications-2-C-1] o.a.k.c.c.internals.ConsumerCoordinator  : [Consumer clientId=consumer-nexbid-notifications-3, groupId=nexbid-notifications] JoinGroup failed: This is not the correct coordinator. Marking coordinator unknown. Sent generation was Generation{generationId=-1, memberId='', protocol='null'}
2026-09-25T07:40:14.251+07:00  INFO 29860 --- [nexbid] [fications-2-C-1] org.apache.kafka.clients.NetworkClient   : [Consumer clientId=consumer-nexbid-notifications-3, groupId=nexbid-notifications] Client requested disconnect from node 2147483646
2026-09-25T07:40:14.252+07:00  INFO 29860 --- [nexbid] [fications-2-C-1] o.a.k.c.c.internals.ConsumerCoordinator  : [Consumer clientId=consumer-nexbid-notifications-3, groupId=nexbid-notifications] Discovered group coordinator 127.0.0.1:59092 (id: 2147483646 rack: null isFenced: false)
2026-09-25T07:40:14.252+07:00  INFO 29860 --- [nexbid] [fications-2-C-1] o.a.k.c.c.internals.ConsumerCoordinator  : [Consumer clientId=consumer-nexbid-notifications-3, groupId=nexbid-notifications] Group coordinator 127.0.0.1:59092 (id: 2147483646 rack: null isFenced: false) is unavailable or invalid due to cause: coordinator unavailable. isDisconnected: false. Rediscovery will be attempted.
2026-09-25T07:40:14.253+07:00  INFO 29860 --- [nexbid] [fications-2-C-1] o.a.k.c.c.internals.ConsumerCoordinator  : [Consumer clientId=consumer-nexbid-notifications-3, groupId=nexbid-notifications] Requesting disconnect from last known coordinator 127.0.0.1:59092 (id: 2147483646 rack: null isFenced: false)
2026-09-25T07:40:14.285+07:00  INFO 29860 --- [nexbid] [fications-0-C-1] o.a.k.c.c.internals.ConsumerCoordinator  : [Consumer clientId=consumer-nexbid-notifications-1, groupId=nexbid-notifications] Discovered group coordinator 127.0.0.1:59092 (id: 2147483646 rack: null isFenced: false)
2026-09-25T07:40:14.286+07:00  INFO 29860 --- [nexbid] [fications-0-C-1] o.a.k.c.c.internals.ConsumerCoordinator  : [Consumer clientId=consumer-nexbid-notifications-1, groupId=nexbid-notifications] Request joining group due to: rebalance failed due to 'This is not the correct coordinator.' (NotCoordinatorException)
2026-09-25T07:40:14.286+07:00  INFO 29860 --- [nexbid] [fications-0-C-1] o.a.k.c.c.internals.ConsumerCoordinator  : [Consumer clientId=consumer-nexbid-notifications-1, groupId=nexbid-notifications] (Re-)joining group
2026-09-25T07:40:14.289+07:00  INFO 29860 --- [nexbid] [fications-0-C-1] o.a.k.c.c.internals.ConsumerCoordinator  : [Consumer clientId=consumer-nexbid-notifications-1, groupId=nexbid-notifications] Group coordinator 127.0.0.1:59092 (id: 2147483646 rack: null isFenced: false) is unavailable or invalid due to cause: error response NOT_COORDINATOR. isDisconnected: false. Rediscovery will be attempted.
2026-09-25T07:40:14.289+07:00  INFO 29860 --- [nexbid] [fications-0-C-1] o.a.k.c.c.internals.ConsumerCoordinator  : [Consumer clientId=consumer-nexbid-notifications-1, groupId=nexbid-notifications] Requesting disconnect from last known coordinator 127.0.0.1:59092 (id: 2147483646 rack: null isFenced: false)
2026-09-25T07:40:14.289+07:00  INFO 29860 --- [nexbid] [fications-0-C-1] o.a.k.c.c.internals.ConsumerCoordinator  : [Consumer clientId=consumer-nexbid-notifications-1, groupId=nexbid-notifications] JoinGroup failed: This is not the correct coordinator. Marking coordinator unknown. Sent generation was Generation{generationId=-1, memberId='', protocol='null'}
2026-09-25T07:40:14.289+07:00  INFO 29860 --- [nexbid] [fications-0-C-1] org.apache.kafka.clients.NetworkClient   : [Consumer clientId=consumer-nexbid-notifications-1, groupId=nexbid-notifications] Client requested disconnect from node 2147483646
2026-09-25T07:40:14.291+07:00  INFO 29860 --- [nexbid] [fications-1-C-1] o.a.k.c.c.internals.ConsumerCoordinator  : [Consumer clientId=consumer-nexbid-notifications-2, groupId=nexbid-notifications] Discovered group coordinator 127.0.0.1:59092 (id: 2147483646 rack: null isFenced: false)
2026-09-25T07:40:14.291+07:00  INFO 29860 --- [nexbid] [fications-0-C-1] o.a.k.c.c.internals.ConsumerCoordinator  : [Consumer clientId=consumer-nexbid-notifications-1, groupId=nexbid-notifications] Discovered group coordinator 127.0.0.1:59092 (id: 2147483646 rack: null isFenced: false)
2026-09-25T07:40:14.291+07:00  INFO 29860 --- [nexbid] [fications-0-C-1] o.a.k.c.c.internals.ConsumerCoordinator  : [Consumer clientId=consumer-nexbid-notifications-1, groupId=nexbid-notifications] Group coordinator 127.0.0.1:59092 (id: 2147483646 rack: null isFenced: false) is unavailable or invalid due to cause: coordinator unavailable. isDisconnected: false. Rediscovery will be attempted.
2026-09-25T07:40:14.291+07:00  INFO 29860 --- [nexbid] [fications-0-C-1] o.a.k.c.c.internals.ConsumerCoordinator  : [Consumer clientId=consumer-nexbid-notifications-1, groupId=nexbid-notifications] Requesting disconnect from last known coordinator 127.0.0.1:59092 (id: 2147483646 rack: null isFenced: false)
2026-09-25T07:40:14.292+07:00  INFO 29860 --- [nexbid] [fications-1-C-1] o.a.k.c.c.internals.ConsumerCoordinator  : [Consumer clientId=consumer-nexbid-notifications-2, groupId=nexbid-notifications] Request joining group due to: rebalance failed due to 'This is not the correct coordinator.' (NotCoordinatorException)
2026-09-25T07:40:14.292+07:00  INFO 29860 --- [nexbid] [fications-1-C-1] o.a.k.c.c.internals.ConsumerCoordinator  : [Consumer clientId=consumer-nexbid-notifications-2, groupId=nexbid-notifications] (Re-)joining group
2026-09-25T07:40:14.294+07:00  INFO 29860 --- [nexbid] [fications-1-C-1] o.a.k.c.c.internals.ConsumerCoordinator  : [Consumer clientId=consumer-nexbid-notifications-2, groupId=nexbid-notifications] Group coordinator 127.0.0.1:59092 (id: 2147483646 rack: null isFenced: false) is unavailable or invalid due to cause: error response NOT_COORDINATOR. isDisconnected: false. Rediscovery will be attempted.
2026-09-25T07:40:14.294+07:00  INFO 29860 --- [nexbid] [fications-1-C-1] o.a.k.c.c.internals.ConsumerCoordinator  : [Consumer clientId=consumer-nexbid-notifications-2, groupId=nexbid-notifications] Requesting disconnect from last known coordinator 127.0.0.1:59092 (id: 2147483646 rack: null isFenced: false)
2026-09-25T07:40:14.294+07:00  INFO 29860 --- [nexbid] [fications-1-C-1] o.a.k.c.c.internals.ConsumerCoordinator  : [Consumer clientId=consumer-nexbid-notifications-2, groupId=nexbid-notifications] JoinGroup failed: This is not the correct coordinator. Marking coordinator unknown. Sent generation was Generation{generationId=-1, memberId='', protocol='null'}
2026-09-25T07:40:14.294+07:00  INFO 29860 --- [nexbid] [fications-1-C-1] org.apache.kafka.clients.NetworkClient   : [Consumer clientId=consumer-nexbid-notifications-2, groupId=nexbid-notifications] Client requested disconnect from node 2147483646
2026-09-25T07:40:14.295+07:00  INFO 29860 --- [nexbid] [fications-1-C-1] o.a.k.c.c.internals.ConsumerCoordinator  : [Consumer clientId=consumer-nexbid-notifications-2, groupId=nexbid-notifications] Discovered group coordinator 127.0.0.1:59092 (id: 2147483646 rack: null isFenced: false)
2026-09-25T07:40:14.295+07:00  INFO 29860 --- [nexbid] [fications-1-C-1] o.a.k.c.c.internals.ConsumerCoordinator  : [Consumer clientId=consumer-nexbid-notifications-2, groupId=nexbid-notifications] Group coordinator 127.0.0.1:59092 (id: 2147483646 rack: null isFenced: false) is unavailable or invalid due to cause: coordinator unavailable. isDisconnected: false. Rediscovery will be attempted.
2026-09-25T07:40:14.295+07:00  INFO 29860 --- [nexbid] [fications-1-C-1] o.a.k.c.c.internals.ConsumerCoordinator  : [Consumer clientId=consumer-nexbid-notifications-2, groupId=nexbid-notifications] Requesting disconnect from last known coordinator 127.0.0.1:59092 (id: 2147483646 rack: null isFenced: false)
2026-09-25T07:40:14.340+07:00  INFO 29860 --- [nexbid] [fications-2-C-1] o.a.k.c.c.internals.ConsumerCoordinator  : [Consumer clientId=consumer-nexbid-notifications-3, groupId=nexbid-notifications] Discovered group coordinator 127.0.0.1:59092 (id: 2147483646 rack: null isFenced: false)
2026-09-25T07:40:14.341+07:00  INFO 29860 --- [nexbid] [fications-2-C-1] o.a.k.c.c.internals.ConsumerCoordinator  : [Consumer clientId=consumer-nexbid-notifications-3, groupId=nexbid-notifications] Request joining group due to: rebalance failed due to 'This is not the correct coordinator.' (NotCoordinatorException)
2026-09-25T07:40:14.341+07:00  INFO 29860 --- [nexbid] [fications-2-C-1] o.a.k.c.c.internals.ConsumerCoordinator  : [Consumer clientId=consumer-nexbid-notifications-3, groupId=nexbid-notifications] (Re-)joining group
2026-09-25T07:40:14.344+07:00  INFO 29860 --- [nexbid] [fications-2-C-1] o.a.k.c.c.internals.ConsumerCoordinator  : [Consumer clientId=consumer-nexbid-notifications-3, groupId=nexbid-notifications] Group coordinator 127.0.0.1:59092 (id: 2147483646 rack: null isFenced: false) is unavailable or invalid due to cause: error response NOT_COORDINATOR. isDisconnected: false. Rediscovery will be attempted.
2026-09-25T07:40:14.344+07:00  INFO 29860 --- [nexbid] [fications-2-C-1] o.a.k.c.c.internals.ConsumerCoordinator  : [Consumer clientId=consumer-nexbid-notifications-3, groupId=nexbid-notifications] Requesting disconnect from last known coordinator 127.0.0.1:59092 (id: 2147483646 rack: null isFenced: false)
2026-09-25T07:40:14.344+07:00  INFO 29860 --- [nexbid] [fications-2-C-1] o.a.k.c.c.internals.ConsumerCoordinator  : [Consumer clientId=consumer-nexbid-notifications-3, groupId=nexbid-notifications] JoinGroup failed: This is not the correct coordinator. Marking coordinator unknown. Sent generation was Generation{generationId=-1, memberId='', protocol='null'}
2026-09-25T07:40:14.344+07:00  INFO 29860 --- [nexbid] [fications-2-C-1] org.apache.kafka.clients.NetworkClient   : [Consumer clientId=consumer-nexbid-notifications-3, groupId=nexbid-notifications] Client requested disconnect from node 2147483646
2026-09-25T07:40:14.346+07:00  INFO 29860 --- [nexbid] [fications-2-C-1] o.a.k.c.c.internals.ConsumerCoordinator  : [Consumer clientId=consumer-nexbid-notifications-3, groupId=nexbid-notifications] Discovered group coordinator 127.0.0.1:59092 (id: 2147483646 rack: null isFenced: false)
2026-09-25T07:40:14.346+07:00  INFO 29860 --- [nexbid] [fications-2-C-1] o.a.k.c.c.internals.ConsumerCoordinator  : [Consumer clientId=consumer-nexbid-notifications-3, groupId=nexbid-notifications] Group coordinator 127.0.0.1:59092 (id: 2147483646 rack: null isFenced: false) is unavailable or invalid due to cause: coordinator unavailable. isDisconnected: false. Rediscovery will be attempted.
2026-09-25T07:40:14.346+07:00  INFO 29860 --- [nexbid] [fications-2-C-1] o.a.k.c.c.internals.ConsumerCoordinator  : [Consumer clientId=consumer-nexbid-notifications-3, groupId=nexbid-notifications] Requesting disconnect from last known coordinator 127.0.0.1:59092 (id: 2147483646 rack: null isFenced: false)
2026-09-25T07:40:14.399+07:00  INFO 29860 --- [nexbid] [fications-1-C-1] o.a.k.c.c.internals.ConsumerCoordinator  : [Consumer clientId=consumer-nexbid-notifications-2, groupId=nexbid-notifications] Discovered group coordinator 127.0.0.1:59092 (id: 2147483646 rack: null isFenced: false)
2026-09-25T07:40:14.401+07:00  INFO 29860 --- [nexbid] [fications-1-C-1] o.a.k.c.c.internals.ConsumerCoordinator  : [Consumer clientId=consumer-nexbid-notifications-2, groupId=nexbid-notifications] Request joining group due to: rebalance failed due to 'This is not the correct coordinator.' (NotCoordinatorException)
2026-09-25T07:40:14.401+07:00  INFO 29860 --- [nexbid] [fications-1-C-1] o.a.k.c.c.internals.ConsumerCoordinator  : [Consumer clientId=consumer-nexbid-notifications-2, groupId=nexbid-notifications] (Re-)joining group
2026-09-25T07:40:14.403+07:00  INFO 29860 --- [nexbid] [fications-0-C-1] o.a.k.c.c.internals.ConsumerCoordinator  : [Consumer clientId=consumer-nexbid-notifications-1, groupId=nexbid-notifications] Discovered group coordinator 127.0.0.1:59092 (id: 2147483646 rack: null isFenced: false)
2026-09-25T07:40:14.404+07:00  INFO 29860 --- [nexbid] [fications-0-C-1] o.a.k.c.c.internals.ConsumerCoordinator  : [Consumer clientId=consumer-nexbid-notifications-1, groupId=nexbid-notifications] Request joining group due to: rebalance failed due to 'This is not the correct coordinator.' (NotCoordinatorException)
2026-09-25T07:40:14.404+07:00  INFO 29860 --- [nexbid] [fications-0-C-1] o.a.k.c.c.internals.ConsumerCoordinator  : [Consumer clientId=consumer-nexbid-notifications-1, groupId=nexbid-notifications] (Re-)joining group
2026-09-25T07:40:14.405+07:00  INFO 29860 --- [nexbid] [fications-1-C-1] o.a.k.c.c.internals.ConsumerCoordinator  : [Consumer clientId=consumer-nexbid-notifications-2, groupId=nexbid-notifications] Group coordinator 127.0.0.1:59092 (id: 2147483646 rack: null isFenced: false) is unavailable or invalid due to cause: error response NOT_COORDINATOR. isDisconnected: false. Rediscovery will be attempted.
2026-09-25T07:40:14.405+07:00  INFO 29860 --- [nexbid] [fications-1-C-1] o.a.k.c.c.internals.ConsumerCoordinator  : [Consumer clientId=consumer-nexbid-notifications-2, groupId=nexbid-notifications] Requesting disconnect from last known coordinator 127.0.0.1:59092 (id: 2147483646 rack: null isFenced: false)
2026-09-25T07:40:14.405+07:00  INFO 29860 --- [nexbid] [fications-1-C-1] o.a.k.c.c.internals.ConsumerCoordinator  : [Consumer clientId=consumer-nexbid-notifications-2, groupId=nexbid-notifications] JoinGroup failed: This is not the correct coordinator. Marking coordinator unknown. Sent generation was Generation{generationId=-1, memberId='', protocol='null'}
2026-09-25T07:40:14.405+07:00  INFO 29860 --- [nexbid] [fications-1-C-1] org.apache.kafka.clients.NetworkClient   : [Consumer clientId=consumer-nexbid-notifications-2, groupId=nexbid-notifications] Client requested disconnect from node 2147483646
2026-09-25T07:40:14.406+07:00  INFO 29860 --- [nexbid] [fications-1-C-1] o.a.k.c.c.internals.ConsumerCoordinator  : [Consumer clientId=consumer-nexbid-notifications-2, groupId=nexbid-notifications] Discovered group coordinator 127.0.0.1:59092 (id: 2147483646 rack: null isFenced: false)
2026-09-25T07:40:14.407+07:00  INFO 29860 --- [nexbid] [fications-1-C-1] o.a.k.c.c.internals.ConsumerCoordinator  : [Consumer clientId=consumer-nexbid-notifications-2, groupId=nexbid-notifications] Group coordinator 127.0.0.1:59092 (id: 2147483646 rack: null isFenced: false) is unavailable or invalid due to cause: coordinator unavailable. isDisconnected: false. Rediscovery will be attempted.
2026-09-25T07:40:14.407+07:00  INFO 29860 --- [nexbid] [fications-1-C-1] o.a.k.c.c.internals.ConsumerCoordinator  : [Consumer clientId=consumer-nexbid-notifications-2, groupId=nexbid-notifications] Requesting disconnect from last known coordinator 127.0.0.1:59092 (id: 2147483646 rack: null isFenced: false)
2026-09-25T07:40:14.408+07:00  INFO 29860 --- [nexbid] [fications-0-C-1] o.a.k.c.c.internals.ConsumerCoordinator  : [Consumer clientId=consumer-nexbid-notifications-1, groupId=nexbid-notifications] Group coordinator 127.0.0.1:59092 (id: 2147483646 rack: null isFenced: false) is unavailable or invalid due to cause: error response NOT_COORDINATOR. isDisconnected: false. Rediscovery will be attempted.
2026-09-25T07:40:14.408+07:00  INFO 29860 --- [nexbid] [fications-0-C-1] o.a.k.c.c.internals.ConsumerCoordinator  : [Consumer clientId=consumer-nexbid-notifications-1, groupId=nexbid-notifications] Requesting disconnect from last known coordinator 127.0.0.1:59092 (id: 2147483646 rack: null isFenced: false)
2026-09-25T07:40:14.408+07:00  INFO 29860 --- [nexbid] [fications-0-C-1] o.a.k.c.c.internals.ConsumerCoordinator  : [Consumer clientId=consumer-nexbid-notifications-1, groupId=nexbid-notifications] JoinGroup failed: This is not the correct coordinator. Marking coordinator unknown. Sent generation was Generation{generationId=-1, memberId='', protocol='null'}
2026-09-25T07:40:14.408+07:00  INFO 29860 --- [nexbid] [fications-0-C-1] org.apache.kafka.clients.NetworkClient   : [Consumer clientId=consumer-nexbid-notifications-1, groupId=nexbid-notifications] Client requested disconnect from node 2147483646
2026-09-25T07:40:14.410+07:00  INFO 29860 --- [nexbid] [fications-0-C-1] o.a.k.c.c.internals.ConsumerCoordinator  : [Consumer clientId=consumer-nexbid-notifications-1, groupId=nexbid-notifications] Discovered group coordinator 127.0.0.1:59092 (id: 2147483646 rack: null isFenced: false)
2026-09-25T07:40:14.410+07:00  INFO 29860 --- [nexbid] [fications-0-C-1] o.a.k.c.c.internals.ConsumerCoordinator  : [Consumer clientId=consumer-nexbid-notifications-1, groupId=nexbid-notifications] Group coordinator 127.0.0.1:59092 (id: 2147483646 rack: null isFenced: false) is unavailable or invalid due to cause: coordinator unavailable. isDisconnected: false. Rediscovery will be attempted.
2026-09-25T07:40:14.410+07:00  INFO 29860 --- [nexbid] [fications-0-C-1] o.a.k.c.c.internals.ConsumerCoordinator  : [Consumer clientId=consumer-nexbid-notifications-1, groupId=nexbid-notifications] Requesting disconnect from last known coordinator 127.0.0.1:59092 (id: 2147483646 rack: null isFenced: false)
2026-09-25T07:40:14.458+07:00  INFO 29860 --- [nexbid] [fications-2-C-1] o.a.k.c.c.internals.ConsumerCoordinator  : [Consumer clientId=consumer-nexbid-notifications-3, groupId=nexbid-notifications] Discovered group coordinator 127.0.0.1:59092 (id: 2147483646 rack: null isFenced: false)
2026-09-25T07:40:14.460+07:00  INFO 29860 --- [nexbid] [fications-2-C-1] o.a.k.c.c.internals.ConsumerCoordinator  : [Consumer clientId=consumer-nexbid-notifications-3, groupId=nexbid-notifications] Request joining group due to: rebalance failed due to 'This is not the correct coordinator.' (NotCoordinatorException)
2026-09-25T07:40:14.460+07:00  INFO 29860 --- [nexbid] [fications-2-C-1] o.a.k.c.c.internals.ConsumerCoordinator  : [Consumer clientId=consumer-nexbid-notifications-3, groupId=nexbid-notifications] (Re-)joining group
2026-09-25T07:40:14.462+07:00  INFO 29860 --- [nexbid] [fications-2-C-1] o.a.k.c.c.internals.ConsumerCoordinator  : [Consumer clientId=consumer-nexbid-notifications-3, groupId=nexbid-notifications] Group coordinator 127.0.0.1:59092 (id: 2147483646 rack: null isFenced: false) is unavailable or invalid due to cause: error response NOT_COORDINATOR. isDisconnected: false. Rediscovery will be attempted.
2026-09-25T07:40:14.462+07:00  INFO 29860 --- [nexbid] [fications-2-C-1] o.a.k.c.c.internals.ConsumerCoordinator  : [Consumer clientId=consumer-nexbid-notifications-3, groupId=nexbid-notifications] Requesting disconnect from last known coordinator 127.0.0.1:59092 (id: 2147483646 rack: null isFenced: false)
2026-09-25T07:40:14.462+07:00  INFO 29860 --- [nexbid] [fications-2-C-1] o.a.k.c.c.internals.ConsumerCoordinator  : [Consumer clientId=consumer-nexbid-notifications-3, groupId=nexbid-notifications] JoinGroup failed: This is not the correct coordinator. Marking coordinator unknown. Sent generation was Generation{generationId=-1, memberId='', protocol='null'}
2026-09-25T07:40:14.463+07:00  INFO 29860 --- [nexbid] [fications-2-C-1] org.apache.kafka.clients.NetworkClient   : [Consumer clientId=consumer-nexbid-notifications-3, groupId=nexbid-notifications] Client requested disconnect from node 2147483646
2026-09-25T07:40:14.464+07:00  INFO 29860 --- [nexbid] [fications-2-C-1] o.a.k.c.c.internals.ConsumerCoordinator  : [Consumer clientId=consumer-nexbid-notifications-3, groupId=nexbid-notifications] Discovered group coordinator 127.0.0.1:59092 (id: 2147483646 rack: null isFenced: false)
2026-09-25T07:40:14.465+07:00  INFO 29860 --- [nexbid] [fications-2-C-1] o.a.k.c.c.internals.ConsumerCoordinator  : [Consumer clientId=consumer-nexbid-notifications-3, groupId=nexbid-notifications] Group coordinator 127.0.0.1:59092 (id: 2147483646 rack: null isFenced: false) is unavailable or invalid due to cause: coordinator unavailable. isDisconnected: false. Rediscovery will be attempted.
2026-09-25T07:40:14.465+07:00  INFO 29860 --- [nexbid] [fications-2-C-1] o.a.k.c.c.internals.ConsumerCoordinator  : [Consumer clientId=consumer-nexbid-notifications-3, groupId=nexbid-notifications] Requesting disconnect from last known coordinator 127.0.0.1:59092 (id: 2147483646 rack: null isFenced: false)
2026-09-25T07:40:14.520+07:00  INFO 29860 --- [nexbid] [fications-0-C-1] o.a.k.c.c.internals.ConsumerCoordinator  : [Consumer clientId=consumer-nexbid-notifications-1, groupId=nexbid-notifications] Discovered group coordinator 127.0.0.1:59092 (id: 2147483646 rack: null isFenced: false)
2026-09-25T07:40:14.521+07:00  INFO 29860 --- [nexbid] [fications-0-C-1] o.a.k.c.c.internals.ConsumerCoordinator  : [Consumer clientId=consumer-nexbid-notifications-1, groupId=nexbid-notifications] Request joining group due to: rebalance failed due to 'This is not the correct coordinator.' (NotCoordinatorException)
2026-09-25T07:40:14.522+07:00  INFO 29860 --- [nexbid] [fications-0-C-1] o.a.k.c.c.internals.ConsumerCoordinator  : [Consumer clientId=consumer-nexbid-notifications-1, groupId=nexbid-notifications] (Re-)joining group
2026-09-25T07:40:14.525+07:00  INFO 29860 --- [nexbid] [fications-0-C-1] o.a.k.c.c.internals.ConsumerCoordinator  : [Consumer clientId=consumer-nexbid-notifications-1, groupId=nexbid-notifications] Group coordinator 127.0.0.1:59092 (id: 2147483646 rack: null isFenced: false) is unavailable or invalid due to cause: error response NOT_COORDINATOR. isDisconnected: false. Rediscovery will be attempted.
2026-09-25T07:40:14.525+07:00  INFO 29860 --- [nexbid] [fications-0-C-1] o.a.k.c.c.internals.ConsumerCoordinator  : [Consumer clientId=consumer-nexbid-notifications-1, groupId=nexbid-notifications] Requesting disconnect from last known coordinator 127.0.0.1:59092 (id: 2147483646 rack: null isFenced: false)
2026-09-25T07:40:14.525+07:00  INFO 29860 --- [nexbid] [fications-0-C-1] o.a.k.c.c.internals.ConsumerCoordinator  : [Consumer clientId=consumer-nexbid-notifications-1, groupId=nexbid-notifications] JoinGroup failed: This is not the correct coordinator. Marking coordinator unknown. Sent generation was Generation{generationId=-1, memberId='', protocol='null'}
2026-09-25T07:40:14.525+07:00  INFO 29860 --- [nexbid] [fications-0-C-1] org.apache.kafka.clients.NetworkClient   : [Consumer clientId=consumer-nexbid-notifications-1, groupId=nexbid-notifications] Client requested disconnect from node 2147483646
2026-09-25T07:40:14.527+07:00  INFO 29860 --- [nexbid] [fications-0-C-1] o.a.k.c.c.internals.ConsumerCoordinator  : [Consumer clientId=consumer-nexbid-notifications-1, groupId=nexbid-notifications] Discovered group coordinator 127.0.0.1:59092 (id: 2147483646 rack: null isFenced: false)
2026-09-25T07:40:14.527+07:00  INFO 29860 --- [nexbid] [fications-0-C-1] o.a.k.c.c.internals.ConsumerCoordinator  : [Consumer clientId=consumer-nexbid-notifications-1, groupId=nexbid-notifications] Group coordinator 127.0.0.1:59092 (id: 2147483646 rack: null isFenced: false) is unavailable or invalid due to cause: coordinator unavailable. isDisconnected: false. Rediscovery will be attempted.
2026-09-25T07:40:14.527+07:00  INFO 29860 --- [nexbid] [fications-0-C-1] o.a.k.c.c.internals.ConsumerCoordinator  : [Consumer clientId=consumer-nexbid-notifications-1, groupId=nexbid-notifications] Requesting disconnect from last known coordinator 127.0.0.1:59092 (id: 2147483646 rack: null isFenced: false)
2026-09-25T07:40:14.527+07:00  INFO 29860 --- [nexbid] [fications-1-C-1] o.a.k.c.c.internals.ConsumerCoordinator  : [Consumer clientId=consumer-nexbid-notifications-2, groupId=nexbid-notifications] Discovered group coordinator 127.0.0.1:59092 (id: 2147483646 rack: null isFenced: false)
2026-09-25T07:40:14.528+07:00  INFO 29860 --- [nexbid] [fications-1-C-1] o.a.k.c.c.internals.ConsumerCoordinator  : [Consumer clientId=consumer-nexbid-notifications-2, groupId=nexbid-notifications] Request joining group due to: rebalance failed due to 'This is not the correct coordinator.' (NotCoordinatorException)
2026-09-25T07:40:14.528+07:00  INFO 29860 --- [nexbid] [fications-1-C-1] o.a.k.c.c.internals.ConsumerCoordinator  : [Consumer clientId=consumer-nexbid-notifications-2, groupId=nexbid-notifications] (Re-)joining group
2026-09-25T07:40:14.532+07:00  INFO 29860 --- [nexbid] [fications-1-C-1] o.a.k.c.c.internals.ConsumerCoordinator  : [Consumer clientId=consumer-nexbid-notifications-2, groupId=nexbid-notifications] Group coordinator 127.0.0.1:59092 (id: 2147483646 rack: null isFenced: false) is unavailable or invalid due to cause: error response NOT_COORDINATOR. isDisconnected: false. Rediscovery will be attempted.
2026-09-25T07:40:14.533+07:00  INFO 29860 --- [nexbid] [fications-1-C-1] o.a.k.c.c.internals.ConsumerCoordinator  : [Consumer clientId=consumer-nexbid-notifications-2, groupId=nexbid-notifications] Requesting disconnect from last known coordinator 127.0.0.1:59092 (id: 2147483646 rack: null isFenced: false)
2026-09-25T07:40:14.533+07:00  INFO 29860 --- [nexbid] [fications-1-C-1] o.a.k.c.c.internals.ConsumerCoordinator  : [Consumer clientId=consumer-nexbid-notifications-2, groupId=nexbid-notifications] JoinGroup failed: This is not the correct coordinator. Marking coordinator unknown. Sent generation was Generation{generationId=-1, memberId='', protocol='null'}
2026-09-25T07:40:14.533+07:00  INFO 29860 --- [nexbid] [fications-1-C-1] org.apache.kafka.clients.NetworkClient   : [Consumer clientId=consumer-nexbid-notifications-2, groupId=nexbid-notifications] Client requested disconnect from node 2147483646
2026-09-25T07:40:14.537+07:00  INFO 29860 --- [nexbid] [fications-1-C-1] o.a.k.c.c.internals.ConsumerCoordinator  : [Consumer clientId=consumer-nexbid-notifications-2, groupId=nexbid-notifications] Discovered group coordinator 127.0.0.1:59092 (id: 2147483646 rack: null isFenced: false)
2026-09-25T07:40:14.537+07:00  INFO 29860 --- [nexbid] [fications-1-C-1] o.a.k.c.c.internals.ConsumerCoordinator  : [Consumer clientId=consumer-nexbid-notifications-2, groupId=nexbid-notifications] Group coordinator 127.0.0.1:59092 (id: 2147483646 rack: null isFenced: false) is unavailable or invalid due to cause: coordinator unavailable. isDisconnected: false. Rediscovery will be attempted.
2026-09-25T07:40:14.537+07:00  INFO 29860 --- [nexbid] [fications-1-C-1] o.a.k.c.c.internals.ConsumerCoordinator  : [Consumer clientId=consumer-nexbid-notifications-2, groupId=nexbid-notifications] Requesting disconnect from last known coordinator 127.0.0.1:59092 (id: 2147483646 rack: null isFenced: false)
2026-09-25T07:40:14.551+07:00  INFO 29860 --- [nexbid] [fications-2-C-1] o.a.k.c.c.internals.ConsumerCoordinator  : [Consumer clientId=consumer-nexbid-notifications-3, groupId=nexbid-notifications] Discovered group coordinator 127.0.0.1:59092 (id: 2147483646 rack: null isFenced: false)
2026-09-25T07:40:14.552+07:00  INFO 29860 --- [nexbid] [fications-2-C-1] o.a.k.c.c.internals.ConsumerCoordinator  : [Consumer clientId=consumer-nexbid-notifications-3, groupId=nexbid-notifications] Request joining group due to: rebalance failed due to 'This is not the correct coordinator.' (NotCoordinatorException)
2026-09-25T07:40:14.552+07:00  INFO 29860 --- [nexbid] [fications-2-C-1] o.a.k.c.c.internals.ConsumerCoordinator  : [Consumer clientId=consumer-nexbid-notifications-3, groupId=nexbid-notifications] (Re-)joining group
2026-09-25T07:40:14.554+07:00  INFO 29860 --- [nexbid] [fications-2-C-1] o.a.k.c.c.internals.ConsumerCoordinator  : [Consumer clientId=consumer-nexbid-notifications-3, groupId=nexbid-notifications] Group coordinator 127.0.0.1:59092 (id: 2147483646 rack: null isFenced: false) is unavailable or invalid due to cause: error response NOT_COORDINATOR. isDisconnected: false. Rediscovery will be attempted.
2026-09-25T07:40:14.554+07:00  INFO 29860 --- [nexbid] [fications-2-C-1] o.a.k.c.c.internals.ConsumerCoordinator  : [Consumer clientId=consumer-nexbid-notifications-3, groupId=nexbid-notifications] Requesting disconnect from last known coordinator 127.0.0.1:59092 (id: 2147483646 rack: null isFenced: false)
2026-09-25T07:40:14.554+07:00  INFO 29860 --- [nexbid] [fications-2-C-1] o.a.k.c.c.internals.ConsumerCoordinator  : [Consumer clientId=consumer-nexbid-notifications-3, groupId=nexbid-notifications] JoinGroup failed: This is not the correct coordinator. Marking coordinator unknown. Sent generation was Generation{generationId=-1, memberId='', protocol='null'}
2026-09-25T07:40:14.554+07:00  INFO 29860 --- [nexbid] [fications-2-C-1] org.apache.kafka.clients.NetworkClient   : [Consumer clientId=consumer-nexbid-notifications-3, groupId=nexbid-notifications] Client requested disconnect from node 2147483646
2026-09-25T07:40:14.556+07:00  INFO 29860 --- [nexbid] [fications-2-C-1] o.a.k.c.c.internals.ConsumerCoordinator  : [Consumer clientId=consumer-nexbid-notifications-3, groupId=nexbid-notifications] Discovered group coordinator 127.0.0.1:59092 (id: 2147483646 rack: null isFenced: false)
2026-09-25T07:40:14.556+07:00  INFO 29860 --- [nexbid] [fications-2-C-1] o.a.k.c.c.internals.ConsumerCoordinator  : [Consumer clientId=consumer-nexbid-notifications-3, groupId=nexbid-notifications] Group coordinator 127.0.0.1:59092 (id: 2147483646 rack: null isFenced: false) is unavailable or invalid due to cause: coordinator unavailable. isDisconnected: false. Rediscovery will be attempted.
2026-09-25T07:40:14.556+07:00  INFO 29860 --- [nexbid] [fications-2-C-1] o.a.k.c.c.internals.ConsumerCoordinator  : [Consumer clientId=consumer-nexbid-notifications-3, groupId=nexbid-notifications] Requesting disconnect from last known coordinator 127.0.0.1:59092 (id: 2147483646 rack: null isFenced: false)
2026-09-25T07:40:14.614+07:00  INFO 29860 --- [nexbid] [fications-0-C-1] o.a.k.c.c.internals.ConsumerCoordinator  : [Consumer clientId=consumer-nexbid-notifications-1, groupId=nexbid-notifications] Discovered group coordinator 127.0.0.1:59092 (id: 2147483646 rack: null isFenced: false)
2026-09-25T07:40:14.615+07:00  INFO 29860 --- [nexbid] [fications-0-C-1] o.a.k.c.c.internals.ConsumerCoordinator  : [Consumer clientId=consumer-nexbid-notifications-1, groupId=nexbid-notifications] Request joining group due to: rebalance failed due to 'This is not the correct coordinator.' (NotCoordinatorException)
2026-09-25T07:40:14.616+07:00  INFO 29860 --- [nexbid] [fications-0-C-1] o.a.k.c.c.internals.ConsumerCoordinator  : [Consumer clientId=consumer-nexbid-notifications-1, groupId=nexbid-notifications] (Re-)joining group
2026-09-25T07:40:14.620+07:00  INFO 29860 --- [nexbid] [fications-0-C-1] o.a.k.c.c.internals.ConsumerCoordinator  : [Consumer clientId=consumer-nexbid-notifications-1, groupId=nexbid-notifications] Group coordinator 127.0.0.1:59092 (id: 2147483646 rack: null isFenced: false) is unavailable or invalid due to cause: error response NOT_COORDINATOR. isDisconnected: false. Rediscovery will be attempted.
2026-09-25T07:40:14.620+07:00  INFO 29860 --- [nexbid] [fications-0-C-1] o.a.k.c.c.internals.ConsumerCoordinator  : [Consumer clientId=consumer-nexbid-notifications-1, groupId=nexbid-notifications] Requesting disconnect from last known coordinator 127.0.0.1:59092 (id: 2147483646 rack: null isFenced: false)
2026-09-25T07:40:14.620+07:00  INFO 29860 --- [nexbid] [fications-0-C-1] o.a.k.c.c.internals.ConsumerCoordinator  : [Consumer clientId=consumer-nexbid-notifications-1, groupId=nexbid-notifications] JoinGroup failed: This is not the correct coordinator. Marking coordinator unknown. Sent generation was Generation{generationId=-1, memberId='', protocol='null'}
2026-09-25T07:40:14.620+07:00  INFO 29860 --- [nexbid] [fications-0-C-1] org.apache.kafka.clients.NetworkClient   : [Consumer clientId=consumer-nexbid-notifications-1, groupId=nexbid-notifications] Client requested disconnect from node 2147483646
2026-09-25T07:40:14.622+07:00  INFO 29860 --- [nexbid] [fications-0-C-1] o.a.k.c.c.internals.ConsumerCoordinator  : [Consumer clientId=consumer-nexbid-notifications-1, groupId=nexbid-notifications] Discovered group coordinator 127.0.0.1:59092 (id: 2147483646 rack: null isFenced: false)
2026-09-25T07:40:14.622+07:00  INFO 29860 --- [nexbid] [fications-0-C-1] o.a.k.c.c.internals.ConsumerCoordinator  : [Consumer clientId=consumer-nexbid-notifications-1, groupId=nexbid-notifications] Group coordinator 127.0.0.1:59092 (id: 2147483646 rack: null isFenced: false) is unavailable or invalid due to cause: coordinator unavailable. isDisconnected: false. Rediscovery will be attempted.
2026-09-25T07:40:14.622+07:00  INFO 29860 --- [nexbid] [fications-0-C-1] o.a.k.c.c.internals.ConsumerCoordinator  : [Consumer clientId=consumer-nexbid-notifications-1, groupId=nexbid-notifications] Requesting disconnect from last known coordinator 127.0.0.1:59092 (id: 2147483646 rack: null isFenced: false)
2026-09-25T07:40:14.643+07:00  INFO 29860 --- [nexbid] [fications-2-C-1] o.a.k.c.c.internals.ConsumerCoordinator  : [Consumer clientId=consumer-nexbid-notifications-3, groupId=nexbid-notifications] Discovered group coordinator 127.0.0.1:59092 (id: 2147483646 rack: null isFenced: false)
2026-09-25T07:40:14.643+07:00  INFO 29860 --- [nexbid] [fications-2-C-1] o.a.k.c.c.internals.ConsumerCoordinator  : [Consumer clientId=consumer-nexbid-notifications-3, groupId=nexbid-notifications] Request joining group due to: rebalance failed due to 'This is not the correct coordinator.' (NotCoordinatorException)
2026-09-25T07:40:14.644+07:00  INFO 29860 --- [nexbid] [fications-2-C-1] o.a.k.c.c.internals.ConsumerCoordinator  : [Consumer clientId=consumer-nexbid-notifications-3, groupId=nexbid-notifications] (Re-)joining group
2026-09-25T07:40:14.645+07:00  INFO 29860 --- [nexbid] [fications-1-C-1] o.a.k.c.c.internals.ConsumerCoordinator  : [Consumer clientId=consumer-nexbid-notifications-2, groupId=nexbid-notifications] Discovered group coordinator 127.0.0.1:59092 (id: 2147483646 rack: null isFenced: false)
2026-09-25T07:40:14.646+07:00  INFO 29860 --- [nexbid] [fications-1-C-1] o.a.k.c.c.internals.ConsumerCoordinator  : [Consumer clientId=consumer-nexbid-notifications-2, groupId=nexbid-notifications] Request joining group due to: rebalance failed due to 'This is not the correct coordinator.' (NotCoordinatorException)
2026-09-25T07:40:14.647+07:00  INFO 29860 --- [nexbid] [fications-1-C-1] o.a.k.c.c.internals.ConsumerCoordinator  : [Consumer clientId=consumer-nexbid-notifications-2, groupId=nexbid-notifications] (Re-)joining group
2026-09-25T07:40:14.650+07:00  INFO 29860 --- [nexbid] [fications-2-C-1] o.a.k.c.c.internals.ConsumerCoordinator  : [Consumer clientId=consumer-nexbid-notifications-3, groupId=nexbid-notifications] JoinGroup failed: Coordinator 127.0.0.1:59092 (id: 2147483646 rack: null isFenced: false) is loading the group.
2026-09-25T07:40:14.651+07:00  INFO 29860 --- [nexbid] [fications-1-C-1] o.a.k.c.c.internals.ConsumerCoordinator  : [Consumer clientId=consumer-nexbid-notifications-2, groupId=nexbid-notifications] Request joining group due to: need to re-join with the given member-id: consumer-nexbid-notifications-2-46e27d53-a8a5-4d9b-8b19-520b13afebb8
2026-09-25T07:40:14.651+07:00  INFO 29860 --- [nexbid] [fications-2-C-1] o.a.k.c.c.internals.ConsumerCoordinator  : [Consumer clientId=consumer-nexbid-notifications-3, groupId=nexbid-notifications] Request joining group due to: rebalance failed due to 'The coordinator is loading and hence can't process requests.' (CoordinatorLoadInProgressException)
2026-09-25T07:40:14.651+07:00  INFO 29860 --- [nexbid] [fications-1-C-1] o.a.k.c.c.internals.ConsumerCoordinator  : [Consumer clientId=consumer-nexbid-notifications-2, groupId=nexbid-notifications] (Re-)joining group
2026-09-25T07:40:14.654+07:00  INFO 29860 --- [nexbid] [fications-1-C-1] o.a.k.c.c.internals.ConsumerCoordinator  : [Consumer clientId=consumer-nexbid-notifications-2, groupId=nexbid-notifications] Successfully joined group with generation Generation{generationId=1, memberId='consumer-nexbid-notifications-2-46e27d53-a8a5-4d9b-8b19-520b13afebb8', protocol='range'}
2026-09-25T07:40:14.657+07:00  INFO 29860 --- [nexbid] [fications-1-C-1] o.a.k.c.c.internals.ConsumerCoordinator  : [Consumer clientId=consumer-nexbid-notifications-2, groupId=nexbid-notifications] Finished assignment for group at generation 1: {consumer-nexbid-notifications-2-46e27d53-a8a5-4d9b-8b19-520b13afebb8=Assignment(partitions=[nexbid.payments-0, nexbid.payments-1, nexbid.payments-2, nexbid.auctions-0, nexbid.auctions-1, nexbid.auctions-2])}
2026-09-25T07:40:14.662+07:00  INFO 29860 --- [nexbid] [fications-1-C-1] o.a.k.c.c.internals.ConsumerCoordinator  : [Consumer clientId=consumer-nexbid-notifications-2, groupId=nexbid-notifications] Successfully synced group in generation Generation{generationId=1, memberId='consumer-nexbid-notifications-2-46e27d53-a8a5-4d9b-8b19-520b13afebb8', protocol='range'}
2026-09-25T07:40:14.663+07:00  INFO 29860 --- [nexbid] [fications-1-C-1] o.a.k.c.c.internals.ConsumerCoordinator  : [Consumer clientId=consumer-nexbid-notifications-2, groupId=nexbid-notifications] Notifying assignor about the new Assignment(partitions=[nexbid.payments-0, nexbid.payments-1, nexbid.payments-2, nexbid.auctions-0, nexbid.auctions-1, nexbid.auctions-2])
2026-09-25T07:40:14.663+07:00  INFO 29860 --- [nexbid] [fications-1-C-1] k.c.c.i.ConsumerRebalanceListenerInvoker : [Consumer clientId=consumer-nexbid-notifications-2, groupId=nexbid-notifications] Adding newly assigned partitions: [nexbid.auctions-0, nexbid.auctions-1, nexbid.auctions-2, nexbid.payments-0, nexbid.payments-1, nexbid.payments-2]
2026-09-25T07:40:14.671+07:00  INFO 29860 --- [nexbid] [fications-1-C-1] o.a.k.c.c.internals.ConsumerCoordinator  : [Consumer clientId=consumer-nexbid-notifications-2, groupId=nexbid-notifications] Found no committed offset for partition nexbid.payments-2
2026-09-25T07:40:14.671+07:00  INFO 29860 --- [nexbid] [fications-1-C-1] o.a.k.c.c.internals.ConsumerCoordinator  : [Consumer clientId=consumer-nexbid-notifications-2, groupId=nexbid-notifications] Found no committed offset for partition nexbid.payments-1
2026-09-25T07:40:14.671+07:00  INFO 29860 --- [nexbid] [fications-1-C-1] o.a.k.c.c.internals.ConsumerCoordinator  : [Consumer clientId=consumer-nexbid-notifications-2, groupId=nexbid-notifications] Found no committed offset for partition nexbid.payments-0
2026-09-25T07:40:14.671+07:00  INFO 29860 --- [nexbid] [fications-1-C-1] o.a.k.c.c.internals.ConsumerCoordinator  : [Consumer clientId=consumer-nexbid-notifications-2, groupId=nexbid-notifications] Found no committed offset for partition nexbid.auctions-2
2026-09-25T07:40:14.671+07:00  INFO 29860 --- [nexbid] [fications-1-C-1] o.a.k.c.c.internals.ConsumerCoordinator  : [Consumer clientId=consumer-nexbid-notifications-2, groupId=nexbid-notifications] Found no committed offset for partition nexbid.auctions-1
2026-09-25T07:40:14.671+07:00  INFO 29860 --- [nexbid] [fications-1-C-1] o.a.k.c.c.internals.ConsumerCoordinator  : [Consumer clientId=consumer-nexbid-notifications-2, groupId=nexbid-notifications] Found no committed offset for partition nexbid.auctions-0
2026-09-25T07:40:14.677+07:00  INFO 29860 --- [nexbid] [fications-1-C-1] o.a.k.c.c.internals.SubscriptionState    : [Consumer clientId=consumer-nexbid-notifications-2, groupId=nexbid-notifications] Resetting offset for partition nexbid.payments-2 to position FetchPosition{offset=0, offsetEpoch=Optional.empty, currentLeader=LeaderAndEpoch{leader=Optional[127.0.0.1:59092 (id: 1 rack: null isFenced: false)], epoch=0}}.
2026-09-25T07:40:14.678+07:00  INFO 29860 --- [nexbid] [fications-1-C-1] o.a.k.c.c.internals.SubscriptionState    : [Consumer clientId=consumer-nexbid-notifications-2, groupId=nexbid-notifications] Resetting offset for partition nexbid.payments-1 to position FetchPosition{offset=0, offsetEpoch=Optional.empty, currentLeader=LeaderAndEpoch{leader=Optional[127.0.0.1:59092 (id: 1 rack: null isFenced: false)], epoch=0}}.
2026-09-25T07:40:14.678+07:00  INFO 29860 --- [nexbid] [fications-1-C-1] o.a.k.c.c.internals.SubscriptionState    : [Consumer clientId=consumer-nexbid-notifications-2, groupId=nexbid-notifications] Resetting offset for partition nexbid.payments-0 to position FetchPosition{offset=0, offsetEpoch=Optional.empty, currentLeader=LeaderAndEpoch{leader=Optional[127.0.0.1:59092 (id: 1 rack: null isFenced: false)], epoch=0}}.
2026-09-25T07:40:14.678+07:00  INFO 29860 --- [nexbid] [fications-1-C-1] o.a.k.c.c.internals.SubscriptionState    : [Consumer clientId=consumer-nexbid-notifications-2, groupId=nexbid-notifications] Resetting offset for partition nexbid.auctions-2 to position FetchPosition{offset=0, offsetEpoch=Optional.empty, currentLeader=LeaderAndEpoch{leader=Optional[127.0.0.1:59092 (id: 1 rack: null isFenced: false)], epoch=0}}.
2026-09-25T07:40:14.678+07:00  INFO 29860 --- [nexbid] [fications-1-C-1] o.a.k.c.c.internals.SubscriptionState    : [Consumer clientId=consumer-nexbid-notifications-2, groupId=nexbid-notifications] Resetting offset for partition nexbid.auctions-1 to position FetchPosition{offset=0, offsetEpoch=Optional.empty, currentLeader=LeaderAndEpoch{leader=Optional[127.0.0.1:59092 (id: 1 rack: null isFenced: false)], epoch=0}}.
2026-09-25T07:40:14.678+07:00  INFO 29860 --- [nexbid] [fications-1-C-1] o.a.k.c.c.internals.SubscriptionState    : [Consumer clientId=consumer-nexbid-notifications-2, groupId=nexbid-notifications] Resetting offset for partition nexbid.auctions-0 to position FetchPosition{offset=0, offsetEpoch=Optional.empty, currentLeader=LeaderAndEpoch{leader=Optional[127.0.0.1:59092 (id: 1 rack: null isFenced: false)], epoch=0}}.
2026-09-25T07:40:14.678+07:00  INFO 29860 --- [nexbid] [fications-1-C-1] o.s.k.l.KafkaMessageListenerContainer    : nexbid-notifications: partitions assigned: [nexbid.auctions-0, nexbid.auctions-1, nexbid.auctions-2, nexbid.payments-0, nexbid.payments-1, nexbid.payments-2]
2026-09-25T07:40:14.723+07:00  INFO 29860 --- [nexbid] [fications-0-C-1] o.a.k.c.c.internals.ConsumerCoordinator  : [Consumer clientId=consumer-nexbid-notifications-1, groupId=nexbid-notifications] Discovered group coordinator 127.0.0.1:59092 (id: 2147483646 rack: null isFenced: false)
2026-09-25T07:40:14.724+07:00  INFO 29860 --- [nexbid] [fications-0-C-1] o.a.k.c.c.internals.ConsumerCoordinator  : [Consumer clientId=consumer-nexbid-notifications-1, groupId=nexbid-notifications] Request joining group due to: rebalance failed due to 'This is not the correct coordinator.' (NotCoordinatorException)
2026-09-25T07:40:14.724+07:00  INFO 29860 --- [nexbid] [fications-0-C-1] o.a.k.c.c.internals.ConsumerCoordinator  : [Consumer clientId=consumer-nexbid-notifications-1, groupId=nexbid-notifications] (Re-)joining group
2026-09-25T07:40:14.726+07:00  INFO 29860 --- [nexbid] [fications-0-C-1] o.a.k.c.c.internals.ConsumerCoordinator  : [Consumer clientId=consumer-nexbid-notifications-1, groupId=nexbid-notifications] Request joining group due to: need to re-join with the given member-id: consumer-nexbid-notifications-1-a73e3f95-d4ec-4e3f-9e94-bf78c8c33d86
2026-09-25T07:40:14.727+07:00  INFO 29860 --- [nexbid] [fications-0-C-1] o.a.k.c.c.internals.ConsumerCoordinator  : [Consumer clientId=consumer-nexbid-notifications-1, groupId=nexbid-notifications] (Re-)joining group
2026-09-25T07:40:14.751+07:00  INFO 29860 --- [nexbid] [fications-2-C-1] o.a.k.c.c.internals.ConsumerCoordinator  : [Consumer clientId=consumer-nexbid-notifications-3, groupId=nexbid-notifications] (Re-)joining group
2026-09-25T07:40:14.754+07:00  INFO 29860 --- [nexbid] [fications-2-C-1] o.a.k.c.c.internals.ConsumerCoordinator  : [Consumer clientId=consumer-nexbid-notifications-3, groupId=nexbid-notifications] Request joining group due to: need to re-join with the given member-id: consumer-nexbid-notifications-3-dcbc3576-6e44-45b9-a10c-11fca14e850e
2026-09-25T07:40:14.754+07:00  INFO 29860 --- [nexbid] [fications-2-C-1] o.a.k.c.c.internals.ConsumerCoordinator  : [Consumer clientId=consumer-nexbid-notifications-3, groupId=nexbid-notifications] (Re-)joining group
2026-09-25T07:40:17.658+07:00  INFO 29860 --- [nexbid] [fications-1-C-1] o.a.k.c.c.internals.ConsumerCoordinator  : [Consumer clientId=consumer-nexbid-notifications-2, groupId=nexbid-notifications] Request joining group due to: group is already rebalancing
2026-09-25T07:40:17.659+07:00  INFO 29860 --- [nexbid] [fications-1-C-1] k.c.c.i.ConsumerRebalanceListenerInvoker : [Consumer clientId=consumer-nexbid-notifications-2, groupId=nexbid-notifications] Revoke previously assigned partitions [nexbid.auctions-0, nexbid.auctions-1, nexbid.auctions-2, nexbid.payments-0, nexbid.payments-1, nexbid.payments-2]
2026-09-25T07:40:17.660+07:00  INFO 29860 --- [nexbid] [fications-1-C-1] o.s.k.l.KafkaMessageListenerContainer    : nexbid-notifications: partitions revoked: [nexbid.auctions-0, nexbid.auctions-1, nexbid.auctions-2, nexbid.payments-0, nexbid.payments-1, nexbid.payments-2]
2026-09-25T07:40:17.660+07:00  INFO 29860 --- [nexbid] [fications-1-C-1] o.a.k.c.c.internals.ConsumerCoordinator  : [Consumer clientId=consumer-nexbid-notifications-2, groupId=nexbid-notifications] (Re-)joining group
2026-09-25T07:40:17.662+07:00  INFO 29860 --- [nexbid] [fications-2-C-1] o.a.k.c.c.internals.ConsumerCoordinator  : [Consumer clientId=consumer-nexbid-notifications-3, groupId=nexbid-notifications] Successfully joined group with generation Generation{generationId=2, memberId='consumer-nexbid-notifications-3-dcbc3576-6e44-45b9-a10c-11fca14e850e', protocol='range'}
2026-09-25T07:40:17.662+07:00  INFO 29860 --- [nexbid] [fications-0-C-1] o.a.k.c.c.internals.ConsumerCoordinator  : [Consumer clientId=consumer-nexbid-notifications-1, groupId=nexbid-notifications] Successfully joined group with generation Generation{generationId=2, memberId='consumer-nexbid-notifications-1-a73e3f95-d4ec-4e3f-9e94-bf78c8c33d86', protocol='range'}
2026-09-25T07:40:17.662+07:00  INFO 29860 --- [nexbid] [fications-1-C-1] o.a.k.c.c.internals.ConsumerCoordinator  : [Consumer clientId=consumer-nexbid-notifications-2, groupId=nexbid-notifications] Successfully joined group with generation Generation{generationId=2, memberId='consumer-nexbid-notifications-2-46e27d53-a8a5-4d9b-8b19-520b13afebb8', protocol='range'}
2026-09-25T07:40:17.662+07:00  INFO 29860 --- [nexbid] [fications-1-C-1] o.a.k.c.c.internals.ConsumerCoordinator  : [Consumer clientId=consumer-nexbid-notifications-2, groupId=nexbid-notifications] Finished assignment for group at generation 2: {consumer-nexbid-notifications-3-dcbc3576-6e44-45b9-a10c-11fca14e850e=Assignment(partitions=[nexbid.payments-2, nexbid.auctions-2]), consumer-nexbid-notifications-2-46e27d53-a8a5-4d9b-8b19-520b13afebb8=Assignment(partitions=[nexbid.payments-1, nexbid.auctions-1]), consumer-nexbid-notifications-1-a73e3f95-d4ec-4e3f-9e94-bf78c8c33d86=Assignment(partitions=[nexbid.payments-0, nexbid.auctions-0])}
2026-09-25T07:40:17.664+07:00  INFO 29860 --- [nexbid] [fications-2-C-1] o.a.k.c.c.internals.ConsumerCoordinator  : [Consumer clientId=consumer-nexbid-notifications-3, groupId=nexbid-notifications] Successfully synced group in generation Generation{generationId=2, memberId='consumer-nexbid-notifications-3-dcbc3576-6e44-45b9-a10c-11fca14e850e', protocol='range'}
2026-09-25T07:40:17.664+07:00  INFO 29860 --- [nexbid] [fications-0-C-1] o.a.k.c.c.internals.ConsumerCoordinator  : [Consumer clientId=consumer-nexbid-notifications-1, groupId=nexbid-notifications] Successfully synced group in generation Generation{generationId=2, memberId='consumer-nexbid-notifications-1-a73e3f95-d4ec-4e3f-9e94-bf78c8c33d86', protocol='range'}
2026-09-25T07:40:17.664+07:00  INFO 29860 --- [nexbid] [fications-1-C-1] o.a.k.c.c.internals.ConsumerCoordinator  : [Consumer clientId=consumer-nexbid-notifications-2, groupId=nexbid-notifications] Successfully synced group in generation Generation{generationId=2, memberId='consumer-nexbid-notifications-2-46e27d53-a8a5-4d9b-8b19-520b13afebb8', protocol='range'}
2026-09-25T07:40:17.664+07:00  INFO 29860 --- [nexbid] [fications-2-C-1] o.a.k.c.c.internals.ConsumerCoordinator  : [Consumer clientId=consumer-nexbid-notifications-3, groupId=nexbid-notifications] Notifying assignor about the new Assignment(partitions=[nexbid.payments-2, nexbid.auctions-2])
2026-09-25T07:40:17.664+07:00  INFO 29860 --- [nexbid] [fications-0-C-1] o.a.k.c.c.internals.ConsumerCoordinator  : [Consumer clientId=consumer-nexbid-notifications-1, groupId=nexbid-notifications] Notifying assignor about the new Assignment(partitions=[nexbid.payments-0, nexbid.auctions-0])
2026-09-25T07:40:17.664+07:00  INFO 29860 --- [nexbid] [fications-1-C-1] o.a.k.c.c.internals.ConsumerCoordinator  : [Consumer clientId=consumer-nexbid-notifications-2, groupId=nexbid-notifications] Notifying assignor about the new Assignment(partitions=[nexbid.payments-1, nexbid.auctions-1])
2026-09-25T07:40:17.664+07:00  INFO 29860 --- [nexbid] [fications-2-C-1] k.c.c.i.ConsumerRebalanceListenerInvoker : [Consumer clientId=consumer-nexbid-notifications-3, groupId=nexbid-notifications] Adding newly assigned partitions: [nexbid.auctions-2, nexbid.payments-2]
2026-09-25T07:40:17.664+07:00  INFO 29860 --- [nexbid] [fications-0-C-1] k.c.c.i.ConsumerRebalanceListenerInvoker : [Consumer clientId=consumer-nexbid-notifications-1, groupId=nexbid-notifications] Adding newly assigned partitions: [nexbid.auctions-0, nexbid.payments-0]
2026-09-25T07:40:17.664+07:00  INFO 29860 --- [nexbid] [fications-1-C-1] k.c.c.i.ConsumerRebalanceListenerInvoker : [Consumer clientId=consumer-nexbid-notifications-2, groupId=nexbid-notifications] Adding newly assigned partitions: [nexbid.auctions-1, nexbid.payments-1]
2026-09-25T07:40:17.666+07:00  INFO 29860 --- [nexbid] [fications-2-C-1] o.a.k.c.c.internals.ConsumerCoordinator  : [Consumer clientId=consumer-nexbid-notifications-3, groupId=nexbid-notifications] Found no committed offset for partition nexbid.payments-2
2026-09-25T07:40:17.666+07:00  INFO 29860 --- [nexbid] [fications-1-C-1] o.a.k.c.c.internals.ConsumerCoordinator  : [Consumer clientId=consumer-nexbid-notifications-2, groupId=nexbid-notifications] Found no committed offset for partition nexbid.payments-1
2026-09-25T07:40:17.666+07:00  INFO 29860 --- [nexbid] [fications-0-C-1] o.a.k.c.c.internals.ConsumerCoordinator  : [Consumer clientId=consumer-nexbid-notifications-1, groupId=nexbid-notifications] Found no committed offset for partition nexbid.payments-0
2026-09-25T07:40:17.666+07:00  INFO 29860 --- [nexbid] [fications-1-C-1] o.a.k.c.c.internals.ConsumerCoordinator  : [Consumer clientId=consumer-nexbid-notifications-2, groupId=nexbid-notifications] Found no committed offset for partition nexbid.auctions-1
2026-09-25T07:40:17.666+07:00  INFO 29860 --- [nexbid] [fications-2-C-1] o.a.k.c.c.internals.ConsumerCoordinator  : [Consumer clientId=consumer-nexbid-notifications-3, groupId=nexbid-notifications] Found no committed offset for partition nexbid.auctions-2
2026-09-25T07:40:17.666+07:00  INFO 29860 --- [nexbid] [fications-0-C-1] o.a.k.c.c.internals.ConsumerCoordinator  : [Consumer clientId=consumer-nexbid-notifications-1, groupId=nexbid-notifications] Found no committed offset for partition nexbid.auctions-0
2026-09-25T07:40:17.668+07:00  INFO 29860 --- [nexbid] [fications-0-C-1] o.a.k.c.c.internals.SubscriptionState    : [Consumer clientId=consumer-nexbid-notifications-1, groupId=nexbid-notifications] Resetting offset for partition nexbid.payments-0 to position FetchPosition{offset=0, offsetEpoch=Optional.empty, currentLeader=LeaderAndEpoch{leader=Optional[127.0.0.1:59092 (id: 1 rack: null isFenced: false)], epoch=0}}.
2026-09-25T07:40:17.668+07:00  INFO 29860 --- [nexbid] [fications-2-C-1] o.a.k.c.c.internals.SubscriptionState    : [Consumer clientId=consumer-nexbid-notifications-3, groupId=nexbid-notifications] Resetting offset for partition nexbid.payments-2 to position FetchPosition{offset=0, offsetEpoch=Optional.empty, currentLeader=LeaderAndEpoch{leader=Optional[127.0.0.1:59092 (id: 1 rack: null isFenced: false)], epoch=0}}.
2026-09-25T07:40:17.668+07:00  INFO 29860 --- [nexbid] [fications-0-C-1] o.a.k.c.c.internals.SubscriptionState    : [Consumer clientId=consumer-nexbid-notifications-1, groupId=nexbid-notifications] Resetting offset for partition nexbid.auctions-0 to position FetchPosition{offset=0, offsetEpoch=Optional.empty, currentLeader=LeaderAndEpoch{leader=Optional[127.0.0.1:59092 (id: 1 rack: null isFenced: false)], epoch=0}}.
2026-09-25T07:40:17.668+07:00  INFO 29860 --- [nexbid] [fications-2-C-1] o.a.k.c.c.internals.SubscriptionState    : [Consumer clientId=consumer-nexbid-notifications-3, groupId=nexbid-notifications] Resetting offset for partition nexbid.auctions-2 to position FetchPosition{offset=0, offsetEpoch=Optional.empty, currentLeader=LeaderAndEpoch{leader=Optional[127.0.0.1:59092 (id: 1 rack: null isFenced: false)], epoch=0}}.
2026-09-25T07:40:17.668+07:00  INFO 29860 --- [nexbid] [fications-2-C-1] o.s.k.l.KafkaMessageListenerContainer    : nexbid-notifications: partitions assigned: [nexbid.auctions-2, nexbid.payments-2]
2026-09-25T07:40:17.668+07:00  INFO 29860 --- [nexbid] [fications-0-C-1] o.s.k.l.KafkaMessageListenerContainer    : nexbid-notifications: partitions assigned: [nexbid.auctions-0, nexbid.payments-0]
2026-09-25T07:40:17.711+07:00  INFO 29860 --- [nexbid] [fications-1-C-1] o.a.k.c.c.internals.SubscriptionState    : [Consumer clientId=consumer-nexbid-notifications-2, groupId=nexbid-notifications] Resetting offset for partition nexbid.payments-1 to position FetchPosition{offset=0, offsetEpoch=Optional.empty, currentLeader=LeaderAndEpoch{leader=Optional[127.0.0.1:59092 (id: 1 rack: null isFenced: false)], epoch=0}}.
2026-09-25T07:40:17.711+07:00  INFO 29860 --- [nexbid] [fications-1-C-1] o.a.k.c.c.internals.SubscriptionState    : [Consumer clientId=consumer-nexbid-notifications-2, groupId=nexbid-notifications] Resetting offset for partition nexbid.auctions-1 to position FetchPosition{offset=0, offsetEpoch=Optional.empty, currentLeader=LeaderAndEpoch{leader=Optional[127.0.0.1:59092 (id: 1 rack: null isFenced: false)], epoch=0}}.
2026-09-25T07:40:17.711+07:00  INFO 29860 --- [nexbid] [fications-1-C-1] o.s.k.l.KafkaMessageListenerContainer    : nexbid-notifications: partitions assigned: [nexbid.auctions-1, nexbid.payments-1]
2026-09-25T07:40:28.215+07:00  INFO 29860 --- [nexbid] [nio-8081-exec-1] o.a.c.c.C.[Tomcat].[localhost].[/]       : Initializing Spring DispatcherServlet 'dispatcherServlet'
2026-09-25T07:40:28.215+07:00  INFO 29860 --- [nexbid] [nio-8081-exec-1] o.s.web.servlet.DispatcherServlet        : Initializing Servlet 'dispatcherServlet'
2026-09-25T07:40:28.216+07:00  INFO 29860 --- [nexbid] [nio-8081-exec-1] o.s.web.servlet.DispatcherServlet        : Completed initialization in 1 ms
2026-09-25T07:40:33.700+07:00  INFO 29860 --- [nexbid] [MessageBroker-2] c.n.auction.scheduler.AuctionScheduler   : Opened 1 auction(s) for bidding
2026-09-25T07:40:33.704+07:00  INFO 29860 --- [nexbid] [   outbox-relay] o.a.kafka.common.config.AbstractConfig   : ProducerConfig values: 
	acks = -1
	batch.size = 16384
	bootstrap.servers = [127.0.0.1:59092]
	buffer.memory = 33554432
	client.dns.lookup = use_all_dns_ips
	client.id = nexbid-producer-1
	compression.gzip.level = -1
	compression.lz4.level = 9
	compression.type = none
	compression.zstd.level = 3
	config.providers = []
	connections.max.idle.ms = 540000
	delivery.timeout.ms = 5000
	enable.idempotence = true
	enable.metrics.push = true
	interceptor.classes = []
	key.serializer = class org.apache.kafka.common.serialization.StringSerializer
	linger.ms = 5
	max.block.ms = 2000
	max.in.flight.requests.per.connection = 5
	max.request.size = 1048576
	metadata.max.age.ms = 300000
	metadata.max.idle.ms = 300000
	metadata.recovery.rebootstrap.trigger.ms = 300000
	metadata.recovery.strategy = rebootstrap
	metric.reporters = [org.apache.kafka.common.metrics.JmxReporter]
	metrics.num.samples = 2
	metrics.recording.level = INFO
	metrics.sample.window.ms = 30000
	partitioner.adaptive.partitioning.enable = true
	partitioner.availability.timeout.ms = 0
	partitioner.class = null
	partitioner.ignore.keys = false
	receive.buffer.bytes = 32768
	reconnect.backoff.max.ms = 1000
	reconnect.backoff.ms = 50
	request.timeout.ms = 3000
	retries = 2147483647
	retry.backoff.max.ms = 1000
	retry.backoff.ms = 100
	sasl.client.callback.handler.class = null
	sasl.jaas.config = null
	sasl.kerberos.kinit.cmd = /usr/bin/kinit
	sasl.kerberos.min.time.before.relogin = 60000
	sasl.kerberos.service.name = null
	sasl.kerberos.ticket.renew.jitter = 0.05
	sasl.kerberos.ticket.renew.window.factor = 0.8
	sasl.login.callback.handler.class = null
	sasl.login.class = null
	sasl.login.connect.timeout.ms = null
	sasl.login.read.timeout.ms = null
	sasl.login.refresh.buffer.seconds = 300
	sasl.login.refresh.min.period.seconds = 60
	sasl.login.refresh.window.factor = 0.8
	sasl.login.refresh.window.jitter = 0.05
	sasl.login.retry.backoff.max.ms = 10000
	sasl.login.retry.backoff.ms = 100
	sasl.mechanism = GSSAPI
	sasl.oauthbearer.assertion.algorithm = RS256
	sasl.oauthbearer.assertion.claim.aud = null
	sasl.oauthbearer.assertion.claim.exp.seconds = 300
	sasl.oauthbearer.assertion.claim.iss = null
	sasl.oauthbearer.assertion.claim.jti.include = false
	sasl.oauthbearer.assertion.claim.nbf.seconds = 60
	sasl.oauthbearer.assertion.claim.sub = null
	sasl.oauthbearer.assertion.file = null
	sasl.oauthbearer.assertion.private.key.file = null
	sasl.oauthbearer.assertion.private.key.passphrase = null
	sasl.oauthbearer.assertion.template.file = null
	sasl.oauthbearer.client.credentials.client.id = null
	sasl.oauthbearer.client.credentials.client.secret = null
	sasl.oauthbearer.clock.skew.seconds = 30
	sasl.oauthbearer.expected.audience = []
	sasl.oauthbearer.expected.issuer = null
	sasl.oauthbearer.header.urlencode = false
	sasl.oauthbearer.jwks.endpoint.refresh.ms = 3600000
	sasl.oauthbearer.jwks.endpoint.retry.backoff.max.ms = 10000
	sasl.oauthbearer.jwks.endpoint.retry.backoff.ms = 100
	sasl.oauthbearer.jwks.endpoint.url = null
	sasl.oauthbearer.jwt.retriever.class = class org.apache.kafka.common.security.oauthbearer.DefaultJwtRetriever
	sasl.oauthbearer.jwt.validator.class = class org.apache.kafka.common.security.oauthbearer.DefaultJwtValidator
	sasl.oauthbearer.scope = null
	sasl.oauthbearer.scope.claim.name = scope
	sasl.oauthbearer.sub.claim.name = sub
	sasl.oauthbearer.token.endpoint.url = null
	security.protocol = PLAINTEXT
	security.providers = null
	send.buffer.bytes = 131072
	socket.connection.setup.timeout.max.ms = 30000
	socket.connection.setup.timeout.ms = 10000
	ssl.cipher.suites = []
	ssl.enabled.protocols = [TLSv1.2, TLSv1.3]
	ssl.endpoint.identification.algorithm = https
	ssl.engine.factory.class = null
	ssl.key.password = null
	ssl.keymanager.algorithm = SunX509
	ssl.keystore.certificate.chain = null
	ssl.keystore.key = null
	ssl.keystore.location = null
	ssl.keystore.password = null
	ssl.keystore.type = JKS
	ssl.protocol = TLSv1.3
	ssl.provider = null
	ssl.secure.random.implementation = null
	ssl.trustmanager.algorithm = PKIX
	ssl.truststore.certificates = null
	ssl.truststore.location = null
	ssl.truststore.password = null
	ssl.truststore.type = JKS
	transaction.timeout.ms = 60000
	transaction.two.phase.commit.enable = false
	transactional.id = null
	value.serializer = class org.apache.kafka.common.serialization.StringSerializer

2026-09-25T07:40:33.705+07:00  INFO 29860 --- [nexbid] [   outbox-relay] o.a.k.c.t.i.KafkaMetricsCollector        : initializing Kafka metrics collector
2026-09-25T07:40:33.712+07:00  INFO 29860 --- [nexbid] [   outbox-relay] o.a.k.clients.producer.KafkaProducer     : [Producer clientId=nexbid-producer-1] Instantiated an idempotent producer.
2026-09-25T07:40:33.724+07:00  INFO 29860 --- [nexbid] [   outbox-relay] o.a.kafka.common.utils.AppInfoParser     : Kafka version: 4.2.1
2026-09-25T07:40:33.724+07:00  INFO 29860 --- [nexbid] [   outbox-relay] o.a.kafka.common.utils.AppInfoParser     : Kafka commitId: 92f61c44867f39dc
2026-09-25T07:40:33.724+07:00  INFO 29860 --- [nexbid] [   outbox-relay] o.a.kafka.common.utils.AppInfoParser     : Kafka startTimeMs: 1790296833723
2026-09-25T07:40:33.729+07:00  INFO 29860 --- [nexbid] [xbid-producer-1] org.apache.kafka.clients.Metadata        : [Producer clientId=nexbid-producer-1] Cluster ID: 5L6g3nShT-eMCtK--X86sw
2026-09-25T07:40:33.846+07:00  INFO 29860 --- [nexbid] [xbid-producer-1] o.a.k.c.p.internals.TransactionManager   : [Producer clientId=nexbid-producer-1] ProducerId set to 0 with epoch 0
2026-09-25T07:40:35.556+07:00  INFO 29860 --- [nexbid] [xbid-producer-1] org.apache.kafka.clients.NetworkClient   : [Producer clientId=nexbid-producer-1] Node 1 disconnected.
2026-09-25T07:40:35.556+07:00  INFO 29860 --- [nexbid] [fications-2-C-1] org.apache.kafka.clients.NetworkClient   : [Consumer clientId=consumer-nexbid-notifications-3, groupId=nexbid-notifications] Node 1 disconnected.
2026-09-25T07:40:35.556+07:00  INFO 29860 --- [nexbid] [fications-0-C-1] org.apache.kafka.clients.NetworkClient   : [Consumer clientId=consumer-nexbid-notifications-1, groupId=nexbid-notifications] Node 2147483646 disconnected.
2026-09-25T07:40:35.556+07:00  INFO 29860 --- [nexbid] [fications-1-C-1] org.apache.kafka.clients.NetworkClient   : [Consumer clientId=consumer-nexbid-notifications-2, groupId=nexbid-notifications] Node 1 disconnected.
2026-09-25T07:40:35.557+07:00  INFO 29860 --- [nexbid] [fications-1-C-1] org.apache.kafka.clients.NetworkClient   : [Consumer clientId=consumer-nexbid-notifications-2, groupId=nexbid-notifications] Cancelled in-flight FETCH request with correlation id 164 due to node 1 being disconnected (elapsed time since creation: 1ms, elapsed time since send: 1ms, throttle time: 0ms, request timeout: 30000ms)
2026-09-25T07:40:35.557+07:00  INFO 29860 --- [nexbid] [fications-2-C-1] org.apache.kafka.clients.NetworkClient   : [Consumer clientId=consumer-nexbid-notifications-3, groupId=nexbid-notifications] Cancelled in-flight FETCH request with correlation id 153 due to node 1 being disconnected (elapsed time since creation: 1ms, elapsed time since send: 1ms, throttle time: 0ms, request timeout: 30000ms)
2026-09-25T07:40:35.557+07:00  INFO 29860 --- [nexbid] [fications-2-C-1] org.apache.kafka.clients.NetworkClient   : [Consumer clientId=consumer-nexbid-notifications-3, groupId=nexbid-notifications] Node -1 disconnected.
2026-09-25T07:40:35.557+07:00  INFO 29860 --- [nexbid] [xbid-producer-1] org.apache.kafka.clients.Metadata        : [Producer clientId=nexbid-producer-1] Rebootstrapping with [/127.0.0.1:59092]
2026-09-25T07:40:35.557+07:00  INFO 29860 --- [nexbid] [fications-0-C-1] o.a.k.c.c.internals.ConsumerCoordinator  : [Consumer clientId=consumer-nexbid-notifications-1, groupId=nexbid-notifications] Group coordinator 127.0.0.1:59092 (id: 2147483646 rack: null isFenced: false) is unavailable or invalid due to cause: coordinator unavailable. isDisconnected: true. Rediscovery will be attempted.
2026-09-25T07:40:35.558+07:00  INFO 29860 --- [nexbid] [xbid-producer-1] org.apache.kafka.clients.NetworkClient   : [Producer clientId=nexbid-producer-1] Node -1 disconnected.
2026-09-25T07:40:35.558+07:00  INFO 29860 --- [nexbid] [fications-0-C-1] org.apache.kafka.clients.NetworkClient   : [Consumer clientId=consumer-nexbid-notifications-1, groupId=nexbid-notifications] Node 1 disconnected.
2026-09-25T07:40:35.558+07:00  INFO 29860 --- [nexbid] [xbid-producer-1] org.apache.kafka.clients.NetworkClient   : [Producer clientId=nexbid-producer-1] Cancelled in-flight METADATA request with correlation id 9 due to node -1 being disconnected (elapsed time since creation: 1ms, elapsed time since send: 1ms, throttle time: 0ms, request timeout: 3000ms)
2026-09-25T07:40:35.558+07:00  INFO 29860 --- [nexbid] [fications-0-C-1] org.apache.kafka.clients.NetworkClient   : [Consumer clientId=consumer-nexbid-notifications-1, groupId=nexbid-notifications] Cancelled in-flight FETCH request with correlation id 152 due to node 1 being disconnected (elapsed time since creation: 3ms, elapsed time since send: 3ms, throttle time: 0ms, request timeout: 30000ms)
2026-09-25T07:40:35.558+07:00  INFO 29860 --- [nexbid] [fications-0-C-1] org.apache.kafka.clients.NetworkClient   : [Consumer clientId=consumer-nexbid-notifications-1, groupId=nexbid-notifications] Cancelled in-flight FIND_COORDINATOR request with correlation id 153 due to node 1 being disconnected (elapsed time since creation: 1ms, elapsed time since send: 1ms, throttle time: 0ms, request timeout: 30000ms)
2026-09-25T07:40:35.558+07:00  INFO 29860 --- [nexbid] [fications-0-C-1] org.apache.kafka.clients.NetworkClient   : [Consumer clientId=consumer-nexbid-notifications-1, groupId=nexbid-notifications] Node -1 disconnected.
2026-09-25T07:40:35.558+07:00  WARN 29860 --- [nexbid] [xbid-producer-1] org.apache.kafka.clients.NetworkClient   : [Producer clientId=nexbid-producer-1] Bootstrap broker 127.0.0.1:59092 (id: -1 rack: null isFenced: false) disconnected
2026-09-25T07:40:35.557+07:00  INFO 29860 --- [nexbid] [fications-1-C-1] o.a.kafka.clients.FetchSessionHandler    : [Consumer clientId=consumer-nexbid-notifications-2, groupId=nexbid-notifications] Error sending fetch request (sessionId=237826675, epoch=101) to node 1:

org.apache.kafka.common.errors.DisconnectException

2026-09-25T07:40:35.557+07:00  INFO 29860 --- [nexbid] [fications-2-C-1] o.a.kafka.clients.FetchSessionHandler    : [Consumer clientId=consumer-nexbid-notifications-3, groupId=nexbid-notifications] Error sending fetch request (sessionId=581365193, epoch=93) to node 1:

org.apache.kafka.common.errors.DisconnectException

2026-09-25T07:40:35.558+07:00  INFO 29860 --- [nexbid] [fications-0-C-1] o.a.kafka.clients.FetchSessionHandler    : [Consumer clientId=consumer-nexbid-notifications-1, groupId=nexbid-notifications] Error sending fetch request (sessionId=271848420, epoch=93) to node 1:

org.apache.kafka.common.errors.DisconnectException

2026-09-25T07:40:35.560+07:00  INFO 29860 --- [nexbid] [fications-2-C-1] org.apache.kafka.clients.NetworkClient   : [Consumer clientId=consumer-nexbid-notifications-3, groupId=nexbid-notifications] Node 2147483646 disconnected.
2026-09-25T07:40:35.560+07:00  INFO 29860 --- [nexbid] [fications-1-C-1] org.apache.kafka.clients.NetworkClient   : [Consumer clientId=consumer-nexbid-notifications-2, groupId=nexbid-notifications] Node -1 disconnected.
2026-09-25T07:40:35.560+07:00  INFO 29860 --- [nexbid] [fications-1-C-1] org.apache.kafka.clients.NetworkClient   : [Consumer clientId=consumer-nexbid-notifications-2, groupId=nexbid-notifications] Node 2147483646 disconnected.
2026-09-25T07:40:35.560+07:00  INFO 29860 --- [nexbid] [fications-2-C-1] o.a.k.c.c.internals.ConsumerCoordinator  : [Consumer clientId=consumer-nexbid-notifications-3, groupId=nexbid-notifications] Group coordinator 127.0.0.1:59092 (id: 2147483646 rack: null isFenced: false) is unavailable or invalid due to cause: coordinator unavailable. isDisconnected: true. Rediscovery will be attempted.
2026-09-25T07:40:35.561+07:00  INFO 29860 --- [nexbid] [fications-1-C-1] o.a.k.c.c.internals.ConsumerCoordinator  : [Consumer clientId=consumer-nexbid-notifications-2, groupId=nexbid-notifications] Group coordinator 127.0.0.1:59092 (id: 2147483646 rack: null isFenced: false) is unavailable or invalid due to cause: coordinator unavailable. isDisconnected: true. Rediscovery will be attempted.
2026-09-25T07:40:35.650+07:00  INFO 29860 --- [nexbid] [fications-0-C-1] org.apache.kafka.clients.NetworkClient   : [Consumer clientId=consumer-nexbid-notifications-1, groupId=nexbid-notifications] Node 1 disconnected.
2026-09-25T07:40:35.650+07:00  INFO 29860 --- [nexbid] [fications-0-C-1] org.apache.kafka.clients.NetworkClient   : [Consumer clientId=consumer-nexbid-notifications-1, groupId=nexbid-notifications] Cancelled in-flight API_VERSIONS request with correlation id 154 due to node 1 being disconnected (elapsed time since creation: 2ms, elapsed time since send: 2ms, throttle time: 0ms, request timeout: 30000ms)
2026-09-25T07:40:35.660+07:00  INFO 29860 --- [nexbid] [xbid-producer-1] org.apache.kafka.clients.NetworkClient   : [Producer clientId=nexbid-producer-1] Node -1 disconnected.
2026-09-25T07:40:35.660+07:00  INFO 29860 --- [nexbid] [fications-2-C-1] org.apache.kafka.clients.NetworkClient   : [Consumer clientId=consumer-nexbid-notifications-3, groupId=nexbid-notifications] Node 1 disconnected.
2026-09-25T07:40:35.660+07:00  INFO 29860 --- [nexbid] [xbid-producer-1] org.apache.kafka.clients.NetworkClient   : [Producer clientId=nexbid-producer-1] Cancelled in-flight API_VERSIONS request with correlation id 10 due to node -1 being disconnected (elapsed time since creation: 0ms, elapsed time since send: 0ms, throttle time: 0ms, request timeout: 3000ms)
2026-09-25T07:40:35.660+07:00  INFO 29860 --- [nexbid] [fications-2-C-1] org.apache.kafka.clients.NetworkClient   : [Consumer clientId=consumer-nexbid-notifications-3, groupId=nexbid-notifications] Cancelled in-flight API_VERSIONS request with correlation id 154 due to node 1 being disconnected (elapsed time since creation: 1ms, elapsed time since send: 1ms, throttle time: 0ms, request timeout: 30000ms)
2026-09-25T07:40:35.660+07:00  WARN 29860 --- [nexbid] [xbid-producer-1] org.apache.kafka.clients.NetworkClient   : [Producer clientId=nexbid-producer-1] Bootstrap broker 127.0.0.1:59092 (id: -1 rack: null isFenced: false) disconnected
2026-09-25T07:40:35.668+07:00  INFO 29860 --- [nexbid] [fications-1-C-1] org.apache.kafka.clients.NetworkClient   : [Consumer clientId=consumer-nexbid-notifications-2, groupId=nexbid-notifications] Node 1 disconnected.
2026-09-25T07:40:35.669+07:00  INFO 29860 --- [nexbid] [fications-1-C-1] org.apache.kafka.clients.NetworkClient   : [Consumer clientId=consumer-nexbid-notifications-2, groupId=nexbid-notifications] Cancelled in-flight API_VERSIONS request with correlation id 165 due to node 1 being disconnected (elapsed time since creation: 1ms, elapsed time since send: 1ms, throttle time: 0ms, request timeout: 30000ms)
2026-09-25T07:40:35.745+07:00  INFO 29860 --- [nexbid] [fications-0-C-1] org.apache.kafka.clients.Metadata        : [Consumer clientId=consumer-nexbid-notifications-1, groupId=nexbid-notifications] Rebootstrapping with [/127.0.0.1:59092]
2026-09-25T07:40:35.746+07:00  INFO 29860 --- [nexbid] [fications-0-C-1] org.apache.kafka.clients.NetworkClient   : [Consumer clientId=consumer-nexbid-notifications-1, groupId=nexbid-notifications] Node -1 disconnected.
2026-09-25T07:40:35.746+07:00  INFO 29860 --- [nexbid] [fications-0-C-1] org.apache.kafka.clients.NetworkClient   : [Consumer clientId=consumer-nexbid-notifications-1, groupId=nexbid-notifications] Cancelled in-flight API_VERSIONS request with correlation id 155 due to node -1 being disconnected (elapsed time since creation: 1ms, elapsed time since send: 1ms, throttle time: 0ms, request timeout: 30000ms)
2026-09-25T07:40:35.746+07:00  WARN 29860 --- [nexbid] [fications-0-C-1] org.apache.kafka.clients.NetworkClient   : [Consumer clientId=consumer-nexbid-notifications-1, groupId=nexbid-notifications] Bootstrap broker 127.0.0.1:59092 (id: -1 rack: null isFenced: false) disconnected
2026-09-25T07:40:35.768+07:00  INFO 29860 --- [nexbid] [fications-1-C-1] org.apache.kafka.clients.NetworkClient   : [Consumer clientId=consumer-nexbid-notifications-2, groupId=nexbid-notifications] Node 1 disconnected.
2026-09-25T07:40:35.768+07:00  INFO 29860 --- [nexbid] [fications-1-C-1] org.apache.kafka.clients.NetworkClient   : [Consumer clientId=consumer-nexbid-notifications-2, groupId=nexbid-notifications] Cancelled in-flight API_VERSIONS request with correlation id 166 due to node 1 being disconnected (elapsed time since creation: 2ms, elapsed time since send: 2ms, throttle time: 0ms, request timeout: 30000ms)
2026-09-25T07:40:35.875+07:00  INFO 29860 --- [nexbid] [fications-2-C-1] org.apache.kafka.clients.NetworkClient   : [Consumer clientId=consumer-nexbid-notifications-3, groupId=nexbid-notifications] Node 1 disconnected.
2026-09-25T07:40:35.875+07:00  INFO 29860 --- [nexbid] [fications-2-C-1] org.apache.kafka.clients.NetworkClient   : [Consumer clientId=consumer-nexbid-notifications-3, groupId=nexbid-notifications] Cancelled in-flight API_VERSIONS request with correlation id 155 due to node 1 being disconnected (elapsed time since creation: 2ms, elapsed time since send: 2ms, throttle time: 0ms, request timeout: 30000ms)
2026-09-25T07:40:35.896+07:00  INFO 29860 --- [nexbid] [xbid-producer-1] org.apache.kafka.clients.NetworkClient   : [Producer clientId=nexbid-producer-1] Node -1 disconnected.
2026-09-25T07:40:35.896+07:00  INFO 29860 --- [nexbid] [xbid-producer-1] org.apache.kafka.clients.NetworkClient   : [Producer clientId=nexbid-producer-1] Cancelled in-flight API_VERSIONS request with correlation id 11 due to node -1 being disconnected (elapsed time since creation: 2ms, elapsed time since send: 2ms, throttle time: 0ms, request timeout: 3000ms)
2026-09-25T07:40:35.896+07:00  WARN 29860 --- [nexbid] [xbid-producer-1] org.apache.kafka.clients.NetworkClient   : [Producer clientId=nexbid-producer-1] Bootstrap broker 127.0.0.1:59092 (id: -1 rack: null isFenced: false) disconnected
2026-09-25T07:40:35.951+07:00  INFO 29860 --- [nexbid] [fications-0-C-1] org.apache.kafka.clients.NetworkClient   : [Consumer clientId=consumer-nexbid-notifications-1, groupId=nexbid-notifications] Node -1 disconnected.
2026-09-25T07:40:35.952+07:00  INFO 29860 --- [nexbid] [fications-0-C-1] org.apache.kafka.clients.NetworkClient   : [Consumer clientId=consumer-nexbid-notifications-1, groupId=nexbid-notifications] Cancelled in-flight API_VERSIONS request with correlation id 157 due to node -1 being disconnected (elapsed time since creation: 1ms, elapsed time since send: 1ms, throttle time: 0ms, request timeout: 30000ms)
2026-09-25T07:40:35.952+07:00  WARN 29860 --- [nexbid] [fications-0-C-1] org.apache.kafka.clients.NetworkClient   : [Consumer clientId=consumer-nexbid-notifications-1, groupId=nexbid-notifications] Bootstrap broker 127.0.0.1:59092 (id: -1 rack: null isFenced: false) disconnected
2026-09-25T07:40:35.971+07:00  INFO 29860 --- [nexbid] [fications-0-C-1] org.apache.kafka.clients.Metadata        : [Consumer clientId=consumer-nexbid-notifications-1, groupId=nexbid-notifications] Rebootstrapping with [/127.0.0.1:59092]
2026-09-25T07:40:36.005+07:00  INFO 29860 --- [nexbid] [fications-1-C-1] org.apache.kafka.clients.NetworkClient   : [Consumer clientId=consumer-nexbid-notifications-2, groupId=nexbid-notifications] Node 1 disconnected.
2026-09-25T07:40:36.005+07:00  INFO 29860 --- [nexbid] [fications-1-C-1] org.apache.kafka.clients.NetworkClient   : [Consumer clientId=consumer-nexbid-notifications-2, groupId=nexbid-notifications] Cancelled in-flight API_VERSIONS request with correlation id 167 due to node 1 being disconnected (elapsed time since creation: 1ms, elapsed time since send: 1ms, throttle time: 0ms, request timeout: 30000ms)
2026-09-25T07:40:36.022+07:00  INFO 29860 --- [nexbid] [fications-0-C-1] org.apache.kafka.clients.Metadata        : [Consumer clientId=consumer-nexbid-notifications-1, groupId=nexbid-notifications] Rebootstrapping with [/127.0.0.1:59092]
2026-09-25T07:40:36.242+07:00  INFO 29860 --- [nexbid] [xbid-producer-1] org.apache.kafka.clients.NetworkClient   : [Producer clientId=nexbid-producer-1] Node -1 disconnected.
2026-09-25T07:40:36.243+07:00  INFO 29860 --- [nexbid] [xbid-producer-1] org.apache.kafka.clients.NetworkClient   : [Producer clientId=nexbid-producer-1] Cancelled in-flight API_VERSIONS request with correlation id 12 due to node -1 being disconnected (elapsed time since creation: 1ms, elapsed time since send: 1ms, throttle time: 0ms, request timeout: 3000ms)
2026-09-25T07:40:36.243+07:00  WARN 29860 --- [nexbid] [xbid-producer-1] org.apache.kafka.clients.NetworkClient   : [Producer clientId=nexbid-producer-1] Bootstrap broker 127.0.0.1:59092 (id: -1 rack: null isFenced: false) disconnected
2026-09-25T07:40:36.339+07:00  INFO 29860 --- [nexbid] [fications-2-C-1] org.apache.kafka.clients.NetworkClient   : [Consumer clientId=consumer-nexbid-notifications-3, groupId=nexbid-notifications] Node 1 disconnected.
2026-09-25T07:40:36.339+07:00  INFO 29860 --- [nexbid] [fications-2-C-1] org.apache.kafka.clients.NetworkClient   : [Consumer clientId=consumer-nexbid-notifications-3, groupId=nexbid-notifications] Cancelled in-flight API_VERSIONS request with correlation id 156 due to node 1 being disconnected (elapsed time since creation: 2ms, elapsed time since send: 2ms, throttle time: 0ms, request timeout: 30000ms)
2026-09-25T07:40:36.503+07:00  INFO 29860 --- [nexbid] [fications-0-C-1] org.apache.kafka.clients.NetworkClient   : [Consumer clientId=consumer-nexbid-notifications-1, groupId=nexbid-notifications] Node -1 disconnected.
2026-09-25T07:40:36.503+07:00  INFO 29860 --- [nexbid] [fications-1-C-1] org.apache.kafka.clients.NetworkClient   : [Consumer clientId=consumer-nexbid-notifications-2, groupId=nexbid-notifications] Node 1 disconnected.
2026-09-25T07:40:36.503+07:00  INFO 29860 --- [nexbid] [fications-0-C-1] org.apache.kafka.clients.NetworkClient   : [Consumer clientId=consumer-nexbid-notifications-1, groupId=nexbid-notifications] Cancelled in-flight API_VERSIONS request with correlation id 158 due to node -1 being disconnected (elapsed time since creation: 1ms, elapsed time since send: 1ms, throttle time: 0ms, request timeout: 30000ms)
2026-09-25T07:40:36.503+07:00  WARN 29860 --- [nexbid] [fications-0-C-1] org.apache.kafka.clients.NetworkClient   : [Consumer clientId=consumer-nexbid-notifications-1, groupId=nexbid-notifications] Bootstrap broker 127.0.0.1:59092 (id: -1 rack: null isFenced: false) disconnected
2026-09-25T07:40:36.503+07:00  INFO 29860 --- [nexbid] [fications-1-C-1] org.apache.kafka.clients.NetworkClient   : [Consumer clientId=consumer-nexbid-notifications-2, groupId=nexbid-notifications] Cancelled in-flight API_VERSIONS request with correlation id 168 due to node 1 being disconnected (elapsed time since creation: 59ms, elapsed time since send: 59ms, throttle time: 0ms, request timeout: 30000ms)
2026-09-25T07:40:36.913+07:00  INFO 29860 --- [nexbid] [fications-0-C-1] org.apache.kafka.clients.NetworkClient   : [Consumer clientId=consumer-nexbid-notifications-1, groupId=nexbid-notifications] Node -1 disconnected.
2026-09-25T07:40:36.913+07:00  WARN 29860 --- [nexbid] [fications-0-C-1] org.apache.kafka.clients.NetworkClient   : [Consumer clientId=consumer-nexbid-notifications-1, groupId=nexbid-notifications] Connection to node -1 (/127.0.0.1:59092) could not be established. Node may not be available.
2026-09-25T07:40:36.913+07:00  WARN 29860 --- [nexbid] [fications-0-C-1] org.apache.kafka.clients.NetworkClient   : [Consumer clientId=consumer-nexbid-notifications-1, groupId=nexbid-notifications] Bootstrap broker 127.0.0.1:59092 (id: -1 rack: null isFenced: false) disconnected
2026-09-25T07:40:36.958+07:00  INFO 29860 --- [nexbid] [fications-0-C-1] org.apache.kafka.clients.Metadata        : [Consumer clientId=consumer-nexbid-notifications-1, groupId=nexbid-notifications] Rebootstrapping with [/127.0.0.1:59092]
2026-09-25T07:40:37.014+07:00  INFO 29860 --- [nexbid] [fications-0-C-1] org.apache.kafka.clients.Metadata        : [Consumer clientId=consumer-nexbid-notifications-1, groupId=nexbid-notifications] Rebootstrapping with [/127.0.0.1:59092]
2026-09-25T07:40:37.200+07:00  INFO 29860 --- [nexbid] [xbid-producer-1] org.apache.kafka.clients.NetworkClient   : [Producer clientId=nexbid-producer-1] Node -1 disconnected.
2026-09-25T07:40:37.200+07:00  WARN 29860 --- [nexbid] [xbid-producer-1] org.apache.kafka.clients.NetworkClient   : [Producer clientId=nexbid-producer-1] Connection to node -1 (/127.0.0.1:59092) could not be established. Node may not be available.
2026-09-25T07:40:37.200+07:00  WARN 29860 --- [nexbid] [xbid-producer-1] org.apache.kafka.clients.NetworkClient   : [Producer clientId=nexbid-producer-1] Bootstrap broker 127.0.0.1:59092 (id: -1 rack: null isFenced: false) disconnected
2026-09-25T07:40:37.228+07:00  INFO 29860 --- [nexbid] [fications-2-C-1] org.apache.kafka.clients.NetworkClient   : [Consumer clientId=consumer-nexbid-notifications-3, groupId=nexbid-notifications] Node 1 disconnected.
2026-09-25T07:40:37.228+07:00  WARN 29860 --- [nexbid] [fications-2-C-1] org.apache.kafka.clients.NetworkClient   : [Consumer clientId=consumer-nexbid-notifications-3, groupId=nexbid-notifications] Connection to node 1 (/127.0.0.1:59092) could not be established. Node may not be available.
2026-09-25T07:40:37.346+07:00  INFO 29860 --- [nexbid] [fications-1-C-1] org.apache.kafka.clients.NetworkClient   : [Consumer clientId=consumer-nexbid-notifications-2, groupId=nexbid-notifications] Node 1 disconnected.
2026-09-25T07:40:37.346+07:00  WARN 29860 --- [nexbid] [fications-1-C-1] org.apache.kafka.clients.NetworkClient   : [Consumer clientId=consumer-nexbid-notifications-2, groupId=nexbid-notifications] Connection to node 1 (/127.0.0.1:59092) could not be established. Node may not be available.
2026-09-25T07:40:37.426+07:00  INFO 29860 --- [nexbid] [fications-1-C-1] org.apache.kafka.clients.Metadata        : [Consumer clientId=consumer-nexbid-notifications-2, groupId=nexbid-notifications] Rebootstrapping with [/127.0.0.1:59092]
2026-09-25T07:40:37.426+07:00  INFO 29860 --- [nexbid] [fications-1-C-1] org.apache.kafka.clients.NetworkClient   : [Consumer clientId=consumer-nexbid-notifications-2, groupId=nexbid-notifications] Node -1 disconnected.
2026-09-25T07:40:37.426+07:00  WARN 29860 --- [nexbid] [fications-1-C-1] org.apache.kafka.clients.NetworkClient   : [Consumer clientId=consumer-nexbid-notifications-2, groupId=nexbid-notifications] Connection to node -1 (/127.0.0.1:59092) could not be established. Node may not be available.
2026-09-25T07:40:37.426+07:00  WARN 29860 --- [nexbid] [fications-1-C-1] org.apache.kafka.clients.NetworkClient   : [Consumer clientId=consumer-nexbid-notifications-2, groupId=nexbid-notifications] Bootstrap broker 127.0.0.1:59092 (id: -1 rack: null isFenced: false) disconnected
2026-09-25T07:40:37.818+07:00  INFO 29860 --- [nexbid] [fications-0-C-1] org.apache.kafka.clients.NetworkClient   : [Consumer clientId=consumer-nexbid-notifications-1, groupId=nexbid-notifications] Node -1 disconnected.
2026-09-25T07:40:37.818+07:00  WARN 29860 --- [nexbid] [fications-0-C-1] org.apache.kafka.clients.NetworkClient   : [Consumer clientId=consumer-nexbid-notifications-1, groupId=nexbid-notifications] Connection to node -1 (/127.0.0.1:59092) could not be established. Node may not be available.
2026-09-25T07:40:37.819+07:00  WARN 29860 --- [nexbid] [fications-0-C-1] org.apache.kafka.clients.NetworkClient   : [Consumer clientId=consumer-nexbid-notifications-1, groupId=nexbid-notifications] Bootstrap broker 127.0.0.1:59092 (id: -1 rack: null isFenced: false) disconnected
2026-09-25T07:40:38.143+07:00  INFO 29860 --- [nexbid] [fications-2-C-1] org.apache.kafka.clients.NetworkClient   : [Consumer clientId=consumer-nexbid-notifications-3, groupId=nexbid-notifications] Node 1 disconnected.
2026-09-25T07:40:38.143+07:00  WARN 29860 --- [nexbid] [fications-2-C-1] org.apache.kafka.clients.NetworkClient   : [Consumer clientId=consumer-nexbid-notifications-3, groupId=nexbid-notifications] Connection to node 1 (/127.0.0.1:59092) could not be established. Node may not be available.
2026-09-25T07:40:38.213+07:00  INFO 29860 --- [nexbid] [xbid-producer-1] org.apache.kafka.clients.NetworkClient   : [Producer clientId=nexbid-producer-1] Node -1 disconnected.
2026-09-25T07:40:38.213+07:00  WARN 29860 --- [nexbid] [xbid-producer-1] org.apache.kafka.clients.NetworkClient   : [Producer clientId=nexbid-producer-1] Connection to node -1 (/127.0.0.1:59092) could not be established. Node may not be available.
2026-09-25T07:40:38.213+07:00  WARN 29860 --- [nexbid] [xbid-producer-1] org.apache.kafka.clients.NetworkClient   : [Producer clientId=nexbid-producer-1] Bootstrap broker 127.0.0.1:59092 (id: -1 rack: null isFenced: false) disconnected
2026-09-25T07:40:38.431+07:00  INFO 29860 --- [nexbid] [fications-1-C-1] org.apache.kafka.clients.NetworkClient   : [Consumer clientId=consumer-nexbid-notifications-2, groupId=nexbid-notifications] Node -1 disconnected.
2026-09-25T07:40:38.431+07:00  WARN 29860 --- [nexbid] [fications-1-C-1] org.apache.kafka.clients.NetworkClient   : [Consumer clientId=consumer-nexbid-notifications-2, groupId=nexbid-notifications] Connection to node -1 (/127.0.0.1:59092) could not be established. Node may not be available.
2026-09-25T07:40:38.431+07:00  WARN 29860 --- [nexbid] [fications-1-C-1] org.apache.kafka.clients.NetworkClient   : [Consumer clientId=consumer-nexbid-notifications-2, groupId=nexbid-notifications] Bootstrap broker 127.0.0.1:59092 (id: -1 rack: null isFenced: false) disconnected
2026-09-25T07:40:38.526+07:00  INFO 29860 --- [nexbid] [fications-0-C-1] org.apache.kafka.clients.NetworkClient   : [Consumer clientId=consumer-nexbid-notifications-1, groupId=nexbid-notifications] Node 1 disconnected.
2026-09-25T07:40:38.526+07:00  WARN 29860 --- [nexbid] [fications-0-C-1] org.apache.kafka.clients.NetworkClient   : [Consumer clientId=consumer-nexbid-notifications-1, groupId=nexbid-notifications] Connection to node 1 (/127.0.0.1:59092) could not be established. Node may not be available.
2026-09-25T07:40:38.526+07:00  INFO 29860 --- [nexbid] [fications-0-C-1] o.a.kafka.clients.FetchSessionHandler    : [Consumer clientId=consumer-nexbid-notifications-1, groupId=nexbid-notifications] Error sending fetch request (sessionId=271848420, epoch=INITIAL) to node 1:

org.apache.kafka.common.errors.DisconnectException

2026-09-25T07:40:38.612+07:00  INFO 29860 --- [nexbid] [fications-0-C-1] org.apache.kafka.clients.Metadata        : [Consumer clientId=consumer-nexbid-notifications-1, groupId=nexbid-notifications] Rebootstrapping with [/127.0.0.1:59092]
2026-09-25T07:40:38.663+07:00  INFO 29860 --- [nexbid] [fications-0-C-1] org.apache.kafka.clients.Metadata        : [Consumer clientId=consumer-nexbid-notifications-1, groupId=nexbid-notifications] Rebootstrapping with [/127.0.0.1:59092]
2026-09-25T07:40:38.760+07:00 ERROR 29860 --- [nexbid] [   outbox-relay] o.s.k.support.LoggingProducerListener    : Exception thrown when sending a message with key='4761d45e-0a0d-4a65-acae-bdceec078084' and payload='{"placed":{"bid":{"id":"7c05bd51-c31a-47b0-b75f-a160077ae989","auctionId":"4761d45e-0a0d-4a65-acae-b...' to topic nexbid.auctions:

org.apache.kafka.common.errors.TimeoutException: Topic nexbid.auctions not present in metadata after 2000 ms.

2026-09-25T07:40:38.763+07:00  WARN 29860 --- [nexbid] [   outbox-relay] c.n.infrastructure.kafka.OutboxRelay     : Kafka unavailable, events wait in the outbox for PT10S: Send failed
2026-09-25T07:40:38.902+07:00  INFO 29860 --- [nexbid] [fications-0-C-1] org.apache.kafka.clients.NetworkClient   : [Consumer clientId=consumer-nexbid-notifications-1, groupId=nexbid-notifications] Node -1 disconnected.
2026-09-25T07:40:38.902+07:00  WARN 29860 --- [nexbid] [fications-0-C-1] org.apache.kafka.clients.NetworkClient   : [Consumer clientId=consumer-nexbid-notifications-1, groupId=nexbid-notifications] Connection to node -1 (/127.0.0.1:59092) could not be established. Node may not be available.
2026-09-25T07:40:38.902+07:00  WARN 29860 --- [nexbid] [fications-0-C-1] org.apache.kafka.clients.NetworkClient   : [Consumer clientId=consumer-nexbid-notifications-1, groupId=nexbid-notifications] Bootstrap broker 127.0.0.1:59092 (id: -1 rack: null isFenced: false) disconnected
2026-09-25T07:40:39.040+07:00  INFO 29860 --- [nexbid] [fications-2-C-1] org.apache.kafka.clients.NetworkClient   : [Consumer clientId=consumer-nexbid-notifications-3, groupId=nexbid-notifications] Node 1 disconnected.
2026-09-25T07:40:39.040+07:00  WARN 29860 --- [nexbid] [fications-2-C-1] org.apache.kafka.clients.NetworkClient   : [Consumer clientId=consumer-nexbid-notifications-3, groupId=nexbid-notifications] Connection to node 1 (/127.0.0.1:59092) could not be established. Node may not be available.
2026-09-25T07:40:39.148+07:00  INFO 29860 --- [nexbid] [fications-2-C-1] org.apache.kafka.clients.Metadata        : [Consumer clientId=consumer-nexbid-notifications-3, groupId=nexbid-notifications] Rebootstrapping with [/127.0.0.1:59092]
2026-09-25T07:40:39.148+07:00  INFO 29860 --- [nexbid] [fications-2-C-1] org.apache.kafka.clients.NetworkClient   : [Consumer clientId=consumer-nexbid-notifications-3, groupId=nexbid-notifications] Node -1 disconnected.
2026-09-25T07:40:39.148+07:00  WARN 29860 --- [nexbid] [fications-2-C-1] org.apache.kafka.clients.NetworkClient   : [Consumer clientId=consumer-nexbid-notifications-3, groupId=nexbid-notifications] Connection to node -1 (/127.0.0.1:59092) could not be established. Node may not be available.
2026-09-25T07:40:39.148+07:00  WARN 29860 --- [nexbid] [fications-2-C-1] org.apache.kafka.clients.NetworkClient   : [Consumer clientId=consumer-nexbid-notifications-3, groupId=nexbid-notifications] Bootstrap broker 127.0.0.1:59092 (id: -1 rack: null isFenced: false) disconnected
2026-09-25T07:40:39.195+07:00  INFO 29860 --- [nexbid] [xbid-producer-1] org.apache.kafka.clients.NetworkClient   : [Producer clientId=nexbid-producer-1] Node -1 disconnected.
2026-09-25T07:40:39.195+07:00  WARN 29860 --- [nexbid] [xbid-producer-1] org.apache.kafka.clients.NetworkClient   : [Producer clientId=nexbid-producer-1] Connection to node -1 (/127.0.0.1:59092) could not be established. Node may not be available.
2026-09-25T07:40:39.195+07:00  WARN 29860 --- [nexbid] [xbid-producer-1] org.apache.kafka.clients.NetworkClient   : [Producer clientId=nexbid-producer-1] Bootstrap broker 127.0.0.1:59092 (id: -1 rack: null isFenced: false) disconnected
2026-09-25T07:40:39.409+07:00  INFO 29860 --- [nexbid] [fications-1-C-1] org.apache.kafka.clients.NetworkClient   : [Consumer clientId=consumer-nexbid-notifications-2, groupId=nexbid-notifications] Node 1 disconnected.
2026-09-25T07:40:39.409+07:00  WARN 29860 --- [nexbid] [fications-1-C-1] org.apache.kafka.clients.NetworkClient   : [Consumer clientId=consumer-nexbid-notifications-2, groupId=nexbid-notifications] Connection to node 1 (/127.0.0.1:59092) could not be established. Node may not be available.
2026-09-25T07:40:39.409+07:00  INFO 29860 --- [nexbid] [fications-1-C-1] org.apache.kafka.clients.NetworkClient   : [Consumer clientId=consumer-nexbid-notifications-2, groupId=nexbid-notifications] Node -1 disconnected.
2026-09-25T07:40:39.409+07:00  WARN 29860 --- [nexbid] [fications-1-C-1] org.apache.kafka.clients.NetworkClient   : [Consumer clientId=consumer-nexbid-notifications-2, groupId=nexbid-notifications] Connection to node -1 (/127.0.0.1:59092) could not be established. Node may not be available.
2026-09-25T07:40:39.409+07:00  WARN 29860 --- [nexbid] [fications-1-C-1] org.apache.kafka.clients.NetworkClient   : [Consumer clientId=consumer-nexbid-notifications-2, groupId=nexbid-notifications] Bootstrap broker 127.0.0.1:59092 (id: -1 rack: null isFenced: false) disconnected
2026-09-25T07:40:39.409+07:00  INFO 29860 --- [nexbid] [fications-1-C-1] o.a.kafka.clients.FetchSessionHandler    : [Consumer clientId=consumer-nexbid-notifications-2, groupId=nexbid-notifications] Error sending fetch request (sessionId=237826675, epoch=INITIAL) to node 1:

org.apache.kafka.common.errors.DisconnectException

2026-09-25T07:40:39.907+07:00  INFO 29860 --- [nexbid] [fications-0-C-1] org.apache.kafka.clients.NetworkClient   : [Consumer clientId=consumer-nexbid-notifications-1, groupId=nexbid-notifications] Node -1 disconnected.
2026-09-25T07:40:39.907+07:00  WARN 29860 --- [nexbid] [fications-0-C-1] org.apache.kafka.clients.NetworkClient   : [Consumer clientId=consumer-nexbid-notifications-1, groupId=nexbid-notifications] Connection to node -1 (/127.0.0.1:59092) could not be established. Node may not be available.
2026-09-25T07:40:39.907+07:00  WARN 29860 --- [nexbid] [fications-0-C-1] org.apache.kafka.clients.NetworkClient   : [Consumer clientId=consumer-nexbid-notifications-1, groupId=nexbid-notifications] Bootstrap broker 127.0.0.1:59092 (id: -1 rack: null isFenced: false) disconnected
2026-09-25T07:40:40.177+07:00  INFO 29860 --- [nexbid] [fications-2-C-1] org.apache.kafka.clients.NetworkClient   : [Consumer clientId=consumer-nexbid-notifications-3, groupId=nexbid-notifications] Node -1 disconnected.
2026-09-25T07:40:40.177+07:00  WARN 29860 --- [nexbid] [fications-2-C-1] org.apache.kafka.clients.NetworkClient   : [Consumer clientId=consumer-nexbid-notifications-3, groupId=nexbid-notifications] Connection to node -1 (/127.0.0.1:59092) could not be established. Node may not be available.
2026-09-25T07:40:40.177+07:00  WARN 29860 --- [nexbid] [fications-2-C-1] org.apache.kafka.clients.NetworkClient   : [Consumer clientId=consumer-nexbid-notifications-3, groupId=nexbid-notifications] Bootstrap broker 127.0.0.1:59092 (id: -1 rack: null isFenced: false) disconnected
2026-09-25T07:40:40.209+07:00  INFO 29860 --- [nexbid] [xbid-producer-1] org.apache.kafka.clients.NetworkClient   : [Producer clientId=nexbid-producer-1] Node -1 disconnected.
2026-09-25T07:40:40.209+07:00  WARN 29860 --- [nexbid] [xbid-producer-1] org.apache.kafka.clients.NetworkClient   : [Producer clientId=nexbid-producer-1] Connection to node -1 (/127.0.0.1:59092) could not be established. Node may not be available.
2026-09-25T07:40:40.209+07:00  WARN 29860 --- [nexbid] [xbid-producer-1] org.apache.kafka.clients.NetworkClient   : [Producer clientId=nexbid-producer-1] Bootstrap broker 127.0.0.1:59092 (id: -1 rack: null isFenced: false) disconnected
2026-09-25T07:40:40.399+07:00  INFO 29860 --- [nexbid] [fications-1-C-1] org.apache.kafka.clients.NetworkClient   : [Consumer clientId=consumer-nexbid-notifications-2, groupId=nexbid-notifications] Node -1 disconnected.
2026-09-25T07:40:40.399+07:00  WARN 29860 --- [nexbid] [fications-1-C-1] org.apache.kafka.clients.NetworkClient   : [Consumer clientId=consumer-nexbid-notifications-2, groupId=nexbid-notifications] Connection to node -1 (/127.0.0.1:59092) could not be established. Node may not be available.
2026-09-25T07:40:40.399+07:00  WARN 29860 --- [nexbid] [fications-1-C-1] org.apache.kafka.clients.NetworkClient   : [Consumer clientId=consumer-nexbid-notifications-2, groupId=nexbid-notifications] Bootstrap broker 127.0.0.1:59092 (id: -1 rack: null isFenced: false) disconnected
2026-09-25T07:40:40.399+07:00  INFO 29860 --- [nexbid] [fications-1-C-1] org.apache.kafka.clients.Metadata        : [Consumer clientId=consumer-nexbid-notifications-2, groupId=nexbid-notifications] Rebootstrapping with [/127.0.0.1:59092]
2026-09-25T07:40:40.460+07:00  INFO 29860 --- [nexbid] [fications-1-C-1] org.apache.kafka.clients.Metadata        : [Consumer clientId=consumer-nexbid-notifications-2, groupId=nexbid-notifications] Rebootstrapping with [/127.0.0.1:59092]
2026-09-25T07:40:40.645+07:00  INFO 29860 --- [nexbid] [fications-1-C-1] org.apache.kafka.clients.Metadata        : [Consumer clientId=consumer-nexbid-notifications-2, groupId=nexbid-notifications] Rebootstrapping with [/127.0.0.1:59092]
2026-09-25T07:40:40.696+07:00  INFO 29860 --- [nexbid] [fications-1-C-1] org.apache.kafka.clients.Metadata        : [Consumer clientId=consumer-nexbid-notifications-2, groupId=nexbid-notifications] Rebootstrapping with [/127.0.0.1:59092]
2026-09-25T07:40:40.918+07:00  INFO 29860 --- [nexbid] [fications-0-C-1] org.apache.kafka.clients.NetworkClient   : [Consumer clientId=consumer-nexbid-notifications-1, groupId=nexbid-notifications] Node -1 disconnected.
2026-09-25T07:40:40.918+07:00  WARN 29860 --- [nexbid] [fications-0-C-1] org.apache.kafka.clients.NetworkClient   : [Consumer clientId=consumer-nexbid-notifications-1, groupId=nexbid-notifications] Connection to node -1 (/127.0.0.1:59092) could not be established. Node may not be available.
2026-09-25T07:40:40.918+07:00  WARN 29860 --- [nexbid] [fications-0-C-1] org.apache.kafka.clients.NetworkClient   : [Consumer clientId=consumer-nexbid-notifications-1, groupId=nexbid-notifications] Bootstrap broker 127.0.0.1:59092 (id: -1 rack: null isFenced: false) disconnected
2026-09-25T07:40:41.132+07:00  INFO 29860 --- [nexbid] [xbid-producer-1] org.apache.kafka.clients.Metadata        : [Producer clientId=nexbid-producer-1] Rebootstrapping with [/127.0.0.1:59092]
2026-09-25T07:40:41.161+07:00  INFO 29860 --- [nexbid] [fications-1-C-1] org.apache.kafka.clients.Metadata        : [Consumer clientId=consumer-nexbid-notifications-2, groupId=nexbid-notifications] Rebootstrapping with [/127.0.0.1:59092]
2026-09-25T07:40:41.177+07:00  INFO 29860 --- [nexbid] [fications-2-C-1] org.apache.kafka.clients.NetworkClient   : [Consumer clientId=consumer-nexbid-notifications-3, groupId=nexbid-notifications] Node -1 disconnected.
2026-09-25T07:40:41.177+07:00  WARN 29860 --- [nexbid] [fications-2-C-1] org.apache.kafka.clients.NetworkClient   : [Consumer clientId=consumer-nexbid-notifications-3, groupId=nexbid-notifications] Connection to node -1 (/127.0.0.1:59092) could not be established. Node may not be available.
2026-09-25T07:40:41.177+07:00  WARN 29860 --- [nexbid] [fications-2-C-1] org.apache.kafka.clients.NetworkClient   : [Consumer clientId=consumer-nexbid-notifications-3, groupId=nexbid-notifications] Bootstrap broker 127.0.0.1:59092 (id: -1 rack: null isFenced: false) disconnected
2026-09-25T07:40:41.183+07:00  INFO 29860 --- [nexbid] [xbid-producer-1] org.apache.kafka.clients.Metadata        : [Producer clientId=nexbid-producer-1] Rebootstrapping with [/127.0.0.1:59092]
2026-09-25T07:40:41.223+07:00  INFO 29860 --- [nexbid] [fications-1-C-1] org.apache.kafka.clients.Metadata        : [Consumer clientId=consumer-nexbid-notifications-2, groupId=nexbid-notifications] Rebootstrapping with [/127.0.0.1:59092]
2026-09-25T07:40:41.239+07:00  INFO 29860 --- [nexbid] [xbid-producer-1] org.apache.kafka.clients.NetworkClient   : [Producer clientId=nexbid-producer-1] Node -1 disconnected.
2026-09-25T07:40:41.239+07:00  WARN 29860 --- [nexbid] [xbid-producer-1] org.apache.kafka.clients.NetworkClient   : [Producer clientId=nexbid-producer-1] Connection to node -1 (/127.0.0.1:59092) could not be established. Node may not be available.
2026-09-25T07:40:41.239+07:00  WARN 29860 --- [nexbid] [xbid-producer-1] org.apache.kafka.clients.NetworkClient   : [Producer clientId=nexbid-producer-1] Bootstrap broker 127.0.0.1:59092 (id: -1 rack: null isFenced: false) disconnected
2026-09-25T07:40:41.921+07:00  INFO 29860 --- [nexbid] [fications-0-C-1] org.apache.kafka.clients.NetworkClient   : [Consumer clientId=consumer-nexbid-notifications-1, groupId=nexbid-notifications] Node -1 disconnected.
2026-09-25T07:40:41.921+07:00  WARN 29860 --- [nexbid] [fications-0-C-1] org.apache.kafka.clients.NetworkClient   : [Consumer clientId=consumer-nexbid-notifications-1, groupId=nexbid-notifications] Connection to node -1 (/127.0.0.1:59092) could not be established. Node may not be available.
2026-09-25T07:40:41.921+07:00  WARN 29860 --- [nexbid] [fications-0-C-1] org.apache.kafka.clients.NetworkClient   : [Consumer clientId=consumer-nexbid-notifications-1, groupId=nexbid-notifications] Bootstrap broker 127.0.0.1:59092 (id: -1 rack: null isFenced: false) disconnected
2026-09-25T07:40:42.041+07:00  INFO 29860 --- [nexbid] [fications-2-C-1] org.apache.kafka.clients.NetworkClient   : [Consumer clientId=consumer-nexbid-notifications-3, groupId=nexbid-notifications] Node -1 disconnected.
2026-09-25T07:40:42.041+07:00  WARN 29860 --- [nexbid] [fications-2-C-1] org.apache.kafka.clients.NetworkClient   : [Consumer clientId=consumer-nexbid-notifications-3, groupId=nexbid-notifications] Connection to node -1 (/127.0.0.1:59092) could not be established. Node may not be available.
2026-09-25T07:40:42.041+07:00  WARN 29860 --- [nexbid] [fications-2-C-1] org.apache.kafka.clients.NetworkClient   : [Consumer clientId=consumer-nexbid-notifications-3, groupId=nexbid-notifications] Bootstrap broker 127.0.0.1:59092 (id: -1 rack: null isFenced: false) disconnected
2026-09-25T07:40:42.041+07:00  INFO 29860 --- [nexbid] [fications-2-C-1] org.apache.kafka.clients.Metadata        : [Consumer clientId=consumer-nexbid-notifications-3, groupId=nexbid-notifications] Rebootstrapping with [/127.0.0.1:59092]
2026-09-25T07:40:42.089+07:00  INFO 29860 --- [nexbid] [fications-1-C-1] org.apache.kafka.clients.NetworkClient   : [Consumer clientId=consumer-nexbid-notifications-2, groupId=nexbid-notifications] Node -1 disconnected.
2026-09-25T07:40:42.089+07:00  WARN 29860 --- [nexbid] [fications-1-C-1] org.apache.kafka.clients.NetworkClient   : [Consumer clientId=consumer-nexbid-notifications-2, groupId=nexbid-notifications] Connection to node -1 (/127.0.0.1:59092) could not be established. Node may not be available.
2026-09-25T07:40:42.089+07:00  WARN 29860 --- [nexbid] [fications-1-C-1] org.apache.kafka.clients.NetworkClient   : [Consumer clientId=consumer-nexbid-notifications-2, groupId=nexbid-notifications] Bootstrap broker 127.0.0.1:59092 (id: -1 rack: null isFenced: false) disconnected
2026-09-25T07:40:42.256+07:00  INFO 29860 --- [nexbid] [xbid-producer-1] org.apache.kafka.clients.NetworkClient   : [Producer clientId=nexbid-producer-1] Node -1 disconnected.
2026-09-25T07:40:42.256+07:00  WARN 29860 --- [nexbid] [xbid-producer-1] org.apache.kafka.clients.NetworkClient   : [Producer clientId=nexbid-producer-1] Connection to node -1 (/127.0.0.1:59092) could not be established. Node may not be available.
2026-09-25T07:40:42.256+07:00  WARN 29860 --- [nexbid] [xbid-producer-1] org.apache.kafka.clients.NetworkClient   : [Producer clientId=nexbid-producer-1] Bootstrap broker 127.0.0.1:59092 (id: -1 rack: null isFenced: false) disconnected
2026-09-25T07:40:42.534+07:00  INFO 29860 --- [nexbid] [fications-2-C-1] org.apache.kafka.clients.Metadata        : [Consumer clientId=consumer-nexbid-notifications-3, groupId=nexbid-notifications] Rebootstrapping with [/127.0.0.1:59092]
2026-09-25T07:40:42.589+07:00  INFO 29860 --- [nexbid] [fications-2-C-1] org.apache.kafka.clients.Metadata        : [Consumer clientId=consumer-nexbid-notifications-3, groupId=nexbid-notifications] Rebootstrapping with [/127.0.0.1:59092]
2026-09-25T07:40:42.853+07:00  INFO 29860 --- [nexbid] [fications-0-C-1] org.apache.kafka.clients.NetworkClient   : [Consumer clientId=consumer-nexbid-notifications-1, groupId=nexbid-notifications] Node -1 disconnected.
2026-09-25T07:40:42.853+07:00  WARN 29860 --- [nexbid] [fications-0-C-1] org.apache.kafka.clients.NetworkClient   : [Consumer clientId=consumer-nexbid-notifications-1, groupId=nexbid-notifications] Connection to node -1 (/127.0.0.1:59092) could not be established. Node may not be available.
2026-09-25T07:40:42.853+07:00  WARN 29860 --- [nexbid] [fications-0-C-1] org.apache.kafka.clients.NetworkClient   : [Consumer clientId=consumer-nexbid-notifications-1, groupId=nexbid-notifications] Bootstrap broker 127.0.0.1:59092 (id: -1 rack: null isFenced: false) disconnected
2026-09-25T07:40:42.854+07:00  INFO 29860 --- [nexbid] [fications-0-C-1] org.apache.kafka.clients.Metadata        : [Consumer clientId=consumer-nexbid-notifications-1, groupId=nexbid-notifications] Rebootstrapping with [/127.0.0.1:59092]
2026-09-25T07:40:42.905+07:00  INFO 29860 --- [nexbid] [fications-0-C-1] org.apache.kafka.clients.Metadata        : [Consumer clientId=consumer-nexbid-notifications-1, groupId=nexbid-notifications] Rebootstrapping with [/127.0.0.1:59092]
2026-09-25T07:40:43.015+07:00  INFO 29860 --- [nexbid] [fications-1-C-1] org.apache.kafka.clients.Metadata        : [Consumer clientId=consumer-nexbid-notifications-2, groupId=nexbid-notifications] Rebootstrapping with [/127.0.0.1:59092]
2026-09-25T07:40:43.065+07:00  INFO 29860 --- [nexbid] [fications-1-C-1] org.apache.kafka.clients.Metadata        : [Consumer clientId=consumer-nexbid-notifications-2, groupId=nexbid-notifications] Rebootstrapping with [/127.0.0.1:59092]
2026-09-25T07:40:43.250+07:00  INFO 29860 --- [nexbid] [fications-0-C-1] org.apache.kafka.clients.Metadata        : [Consumer clientId=consumer-nexbid-notifications-1, groupId=nexbid-notifications] Rebootstrapping with [/127.0.0.1:59092]
2026-09-25T07:40:43.258+07:00  INFO 29860 --- [nexbid] [fications-2-C-1] org.apache.kafka.clients.NetworkClient   : [Consumer clientId=consumer-nexbid-notifications-3, groupId=nexbid-notifications] Node -1 disconnected.
2026-09-25T07:40:43.258+07:00  WARN 29860 --- [nexbid] [fications-2-C-1] org.apache.kafka.clients.NetworkClient   : [Consumer clientId=consumer-nexbid-notifications-3, groupId=nexbid-notifications] Connection to node -1 (/127.0.0.1:59092) could not be established. Node may not be available.
2026-09-25T07:40:43.258+07:00  WARN 29860 --- [nexbid] [fications-2-C-1] org.apache.kafka.clients.NetworkClient   : [Consumer clientId=consumer-nexbid-notifications-3, groupId=nexbid-notifications] Bootstrap broker 127.0.0.1:59092 (id: -1 rack: null isFenced: false) disconnected
2026-09-25T07:40:43.267+07:00  INFO 29860 --- [nexbid] [xbid-producer-1] org.apache.kafka.clients.NetworkClient   : [Producer clientId=nexbid-producer-1] Node -1 disconnected.
2026-09-25T07:40:43.267+07:00  WARN 29860 --- [nexbid] [xbid-producer-1] org.apache.kafka.clients.NetworkClient   : [Producer clientId=nexbid-producer-1] Connection to node -1 (/127.0.0.1:59092) could not be established. Node may not be available.
2026-09-25T07:40:43.267+07:00  WARN 29860 --- [nexbid] [xbid-producer-1] org.apache.kafka.clients.NetworkClient   : [Producer clientId=nexbid-producer-1] Bootstrap broker 127.0.0.1:59092 (id: -1 rack: null isFenced: false) disconnected
2026-09-25T07:40:43.301+07:00  INFO 29860 --- [nexbid] [fications-0-C-1] org.apache.kafka.clients.Metadata        : [Consumer clientId=consumer-nexbid-notifications-1, groupId=nexbid-notifications] Rebootstrapping with [/127.0.0.1:59092]
2026-09-25T07:40:43.527+07:00  INFO 29860 --- [nexbid] [fications-0-C-1] org.apache.kafka.clients.Metadata        : [Consumer clientId=consumer-nexbid-notifications-1, groupId=nexbid-notifications] Rebootstrapping with [/127.0.0.1:59092]
2026-09-25T07:40:43.527+07:00  INFO 29860 --- [nexbid] [d-notifications] org.apache.kafka.clients.Metadata        : [Consumer clientId=consumer-nexbid-notifications-1, groupId=nexbid-notifications] Rebootstrapping with [/127.0.0.1:59092]
2026-09-25T07:40:43.527+07:00  INFO 29860 --- [nexbid] [fications-2-C-1] o.a.kafka.clients.FetchSessionHandler    : [Consumer clientId=consumer-nexbid-notifications-3, groupId=nexbid-notifications] Error sending fetch request (sessionId=581365193, epoch=INITIAL) to node 1:

org.apache.kafka.common.errors.DisconnectException

2026-09-25T07:40:43.527+07:00  INFO 29860 --- [nexbid] [fications-0-C-1] org.apache.kafka.clients.Metadata        : [Consumer clientId=consumer-nexbid-notifications-1, groupId=nexbid-notifications] Rebootstrapping with [/127.0.0.1:59092]
2026-09-25T07:40:43.527+07:00  INFO 29860 --- [nexbid] [fications-0-C-1] org.apache.kafka.clients.NetworkClient   : [Consumer clientId=consumer-nexbid-notifications-1, groupId=nexbid-notifications] Node 1 disconnected.
2026-09-25T07:40:43.527+07:00  WARN 29860 --- [nexbid] [fications-0-C-1] org.apache.kafka.clients.NetworkClient   : [Consumer clientId=consumer-nexbid-notifications-1, groupId=nexbid-notifications] Connection to node 1 (/127.0.0.1:59092) could not be established. Node may not be available.
2026-09-25T07:40:43.527+07:00  INFO 29860 --- [nexbid] [fications-0-C-1] o.a.kafka.clients.FetchSessionHandler    : [Consumer clientId=consumer-nexbid-notifications-1, groupId=nexbid-notifications] Error sending fetch request (sessionId=271848420, epoch=INITIAL) to node 1:

org.apache.kafka.common.errors.DisconnectException

2026-09-25T07:40:43.914+07:00  INFO 29860 --- [nexbid] [fications-1-C-1] org.apache.kafka.clients.NetworkClient   : [Consumer clientId=consumer-nexbid-notifications-2, groupId=nexbid-notifications] Node -1 disconnected.
2026-09-25T07:40:43.915+07:00  WARN 29860 --- [nexbid] [fications-1-C-1] org.apache.kafka.clients.NetworkClient   : [Consumer clientId=consumer-nexbid-notifications-2, groupId=nexbid-notifications] Connection to node -1 (/127.0.0.1:59092) could not be established. Node may not be available.
2026-09-25T07:40:43.915+07:00  WARN 29860 --- [nexbid] [fications-1-C-1] org.apache.kafka.clients.NetworkClient   : [Consumer clientId=consumer-nexbid-notifications-2, groupId=nexbid-notifications] Bootstrap broker 127.0.0.1:59092 (id: -1 rack: null isFenced: false) disconnected
2026-09-25T07:40:44.278+07:00  INFO 29860 --- [nexbid] [fications-2-C-1] org.apache.kafka.clients.NetworkClient   : [Consumer clientId=consumer-nexbid-notifications-3, groupId=nexbid-notifications] Node -1 disconnected.
2026-09-25T07:40:44.278+07:00  WARN 29860 --- [nexbid] [fications-2-C-1] org.apache.kafka.clients.NetworkClient   : [Consumer clientId=consumer-nexbid-notifications-3, groupId=nexbid-notifications] Connection to node -1 (/127.0.0.1:59092) could not be established. Node may not be available.
2026-09-25T07:40:44.278+07:00  WARN 29860 --- [nexbid] [fications-2-C-1] org.apache.kafka.clients.NetworkClient   : [Consumer clientId=consumer-nexbid-notifications-3, groupId=nexbid-notifications] Bootstrap broker 127.0.0.1:59092 (id: -1 rack: null isFenced: false) disconnected
2026-09-25T07:40:44.278+07:00  INFO 29860 --- [nexbid] [xbid-producer-1] org.apache.kafka.clients.NetworkClient   : [Producer clientId=nexbid-producer-1] Node -1 disconnected.
2026-09-25T07:40:44.278+07:00  WARN 29860 --- [nexbid] [xbid-producer-1] org.apache.kafka.clients.NetworkClient   : [Producer clientId=nexbid-producer-1] Connection to node -1 (/127.0.0.1:59092) could not be established. Node may not be available.
2026-09-25T07:40:44.278+07:00  WARN 29860 --- [nexbid] [xbid-producer-1] org.apache.kafka.clients.NetworkClient   : [Producer clientId=nexbid-producer-1] Bootstrap broker 127.0.0.1:59092 (id: -1 rack: null isFenced: false) disconnected
2026-09-25T07:40:44.409+07:00  INFO 29860 --- [nexbid] [fications-1-C-1] org.apache.kafka.clients.NetworkClient   : [Consumer clientId=consumer-nexbid-notifications-2, groupId=nexbid-notifications] Node 1 disconnected.
2026-09-25T07:40:44.409+07:00  WARN 29860 --- [nexbid] [fications-1-C-1] org.apache.kafka.clients.NetworkClient   : [Consumer clientId=consumer-nexbid-notifications-2, groupId=nexbid-notifications] Connection to node 1 (/127.0.0.1:59092) could not be established. Node may not be available.
2026-09-25T07:40:44.409+07:00  INFO 29860 --- [nexbid] [fications-1-C-1] o.a.kafka.clients.FetchSessionHandler    : [Consumer clientId=consumer-nexbid-notifications-2, groupId=nexbid-notifications] Error sending fetch request (sessionId=237826675, epoch=INITIAL) to node 1:

org.apache.kafka.common.errors.DisconnectException

2026-09-25T07:40:44.527+07:00  INFO 29860 --- [nexbid] [fications-0-C-1] org.apache.kafka.clients.NetworkClient   : [Consumer clientId=consumer-nexbid-notifications-1, groupId=nexbid-notifications] Node -1 disconnected.
2026-09-25T07:40:44.527+07:00  WARN 29860 --- [nexbid] [fications-0-C-1] org.apache.kafka.clients.NetworkClient   : [Consumer clientId=consumer-nexbid-notifications-1, groupId=nexbid-notifications] Connection to node -1 (/127.0.0.1:59092) could not be established. Node may not be available.
2026-09-25T07:40:44.527+07:00  WARN 29860 --- [nexbid] [fications-0-C-1] org.apache.kafka.clients.NetworkClient   : [Consumer clientId=consumer-nexbid-notifications-1, groupId=nexbid-notifications] Bootstrap broker 127.0.0.1:59092 (id: -1 rack: null isFenced: false) disconnected
2026-09-25T07:40:44.842+07:00  INFO 29860 --- [nexbid] [fications-1-C-1] org.apache.kafka.clients.Metadata        : [Consumer clientId=consumer-nexbid-notifications-2, groupId=nexbid-notifications] Rebootstrapping with [/127.0.0.1:59092]
2026-09-25T07:40:44.897+07:00  INFO 29860 --- [nexbid] [fications-1-C-1] org.apache.kafka.clients.Metadata        : [Consumer clientId=consumer-nexbid-notifications-2, groupId=nexbid-notifications] Rebootstrapping with [/127.0.0.1:59092]
2026-09-25T07:40:45.083+07:00  INFO 29860 --- [nexbid] [fications-1-C-1] org.apache.kafka.clients.NetworkClient   : [Consumer clientId=consumer-nexbid-notifications-2, groupId=nexbid-notifications] Node -1 disconnected.
2026-09-25T07:40:45.083+07:00  WARN 29860 --- [nexbid] [fications-1-C-1] org.apache.kafka.clients.NetworkClient   : [Consumer clientId=consumer-nexbid-notifications-2, groupId=nexbid-notifications] Connection to node -1 (/127.0.0.1:59092) could not be established. Node may not be available.
2026-09-25T07:40:45.084+07:00  WARN 29860 --- [nexbid] [fications-1-C-1] org.apache.kafka.clients.NetworkClient   : [Consumer clientId=consumer-nexbid-notifications-2, groupId=nexbid-notifications] Bootstrap broker 127.0.0.1:59092 (id: -1 rack: null isFenced: false) disconnected
2026-09-25T07:40:45.279+07:00  INFO 29860 --- [nexbid] [xbid-producer-1] org.apache.kafka.clients.NetworkClient   : [Producer clientId=nexbid-producer-1] Node -1 disconnected.
2026-09-25T07:40:45.280+07:00  WARN 29860 --- [nexbid] [xbid-producer-1] org.apache.kafka.clients.NetworkClient   : [Producer clientId=nexbid-producer-1] Connection to node -1 (/127.0.0.1:59092) could not be established. Node may not be available.
2026-09-25T07:40:45.280+07:00  WARN 29860 --- [nexbid] [xbid-producer-1] org.apache.kafka.clients.NetworkClient   : [Producer clientId=nexbid-producer-1] Bootstrap broker 127.0.0.1:59092 (id: -1 rack: null isFenced: false) disconnected
2026-09-25T07:40:45.294+07:00  INFO 29860 --- [nexbid] [fications-2-C-1] org.apache.kafka.clients.NetworkClient   : [Consumer clientId=consumer-nexbid-notifications-3, groupId=nexbid-notifications] Node -1 disconnected.
2026-09-25T07:40:45.294+07:00  WARN 29860 --- [nexbid] [fications-2-C-1] org.apache.kafka.clients.NetworkClient   : [Consumer clientId=consumer-nexbid-notifications-3, groupId=nexbid-notifications] Connection to node -1 (/127.0.0.1:59092) could not be established. Node may not be available.
2026-09-25T07:40:45.294+07:00  WARN 29860 --- [nexbid] [fications-2-C-1] org.apache.kafka.clients.NetworkClient   : [Consumer clientId=consumer-nexbid-notifications-3, groupId=nexbid-notifications] Bootstrap broker 127.0.0.1:59092 (id: -1 rack: null isFenced: false) disconnected
2026-09-25T07:40:45.541+07:00  INFO 29860 --- [nexbid] [fications-0-C-1] org.apache.kafka.clients.NetworkClient   : [Consumer clientId=consumer-nexbid-notifications-1, groupId=nexbid-notifications] Node -1 disconnected.
2026-09-25T07:40:45.541+07:00  WARN 29860 --- [nexbid] [fications-0-C-1] org.apache.kafka.clients.NetworkClient   : [Consumer clientId=consumer-nexbid-notifications-1, groupId=nexbid-notifications] Connection to node -1 (/127.0.0.1:59092) could not be established. Node may not be available.
2026-09-25T07:40:45.541+07:00  WARN 29860 --- [nexbid] [fications-0-C-1] org.apache.kafka.clients.NetworkClient   : [Consumer clientId=consumer-nexbid-notifications-1, groupId=nexbid-notifications] Bootstrap broker 127.0.0.1:59092 (id: -1 rack: null isFenced: false) disconnected
2026-09-25T07:40:46.086+07:00  INFO 29860 --- [nexbid] [fications-1-C-1] org.apache.kafka.clients.NetworkClient   : [Consumer clientId=consumer-nexbid-notifications-2, groupId=nexbid-notifications] Node -1 disconnected.
2026-09-25T07:40:46.087+07:00  WARN 29860 --- [nexbid] [fications-1-C-1] org.apache.kafka.clients.NetworkClient   : [Consumer clientId=consumer-nexbid-notifications-2, groupId=nexbid-notifications] Connection to node -1 (/127.0.0.1:59092) could not be established. Node may not be available.
2026-09-25T07:40:46.087+07:00  WARN 29860 --- [nexbid] [fications-1-C-1] org.apache.kafka.clients.NetworkClient   : [Consumer clientId=consumer-nexbid-notifications-2, groupId=nexbid-notifications] Bootstrap broker 127.0.0.1:59092 (id: -1 rack: null isFenced: false) disconnected
2026-09-25T07:40:46.193+07:00  INFO 29860 --- [nexbid] [xbid-producer-1] org.apache.kafka.clients.Metadata        : [Producer clientId=nexbid-producer-1] Rebootstrapping with [/127.0.0.1:59092]
2026-09-25T07:40:46.285+07:00  INFO 29860 --- [nexbid] [xbid-producer-1] org.apache.kafka.clients.NetworkClient   : [Producer clientId=nexbid-producer-1] Node -1 disconnected.
2026-09-25T07:40:46.285+07:00  INFO 29860 --- [nexbid] [fications-2-C-1] org.apache.kafka.clients.NetworkClient   : [Consumer clientId=consumer-nexbid-notifications-3, groupId=nexbid-notifications] Node -1 disconnected.
2026-09-25T07:40:46.287+07:00  WARN 29860 --- [nexbid] [fications-2-C-1] org.apache.kafka.clients.NetworkClient   : [Consumer clientId=consumer-nexbid-notifications-3, groupId=nexbid-notifications] Connection to node -1 (/127.0.0.1:59092) could not be established. Node may not be available.
2026-09-25T07:40:46.287+07:00  WARN 29860 --- [nexbid] [xbid-producer-1] org.apache.kafka.clients.NetworkClient   : [Producer clientId=nexbid-producer-1] Connection to node -1 (/127.0.0.1:59092) could not be established. Node may not be available.
2026-09-25T07:40:46.287+07:00  WARN 29860 --- [nexbid] [fications-2-C-1] org.apache.kafka.clients.NetworkClient   : [Consumer clientId=consumer-nexbid-notifications-3, groupId=nexbid-notifications] Bootstrap broker 127.0.0.1:59092 (id: -1 rack: null isFenced: false) disconnected
2026-09-25T07:40:46.287+07:00  WARN 29860 --- [nexbid] [xbid-producer-1] org.apache.kafka.clients.NetworkClient   : [Producer clientId=nexbid-producer-1] Bootstrap broker 127.0.0.1:59092 (id: -1 rack: null isFenced: false) disconnected
2026-09-25T07:40:46.287+07:00  INFO 29860 --- [nexbid] [fications-2-C-1] org.apache.kafka.clients.Metadata        : [Consumer clientId=consumer-nexbid-notifications-3, groupId=nexbid-notifications] Rebootstrapping with [/127.0.0.1:59092]
2026-09-25T07:40:46.342+07:00  INFO 29860 --- [nexbid] [fications-2-C-1] org.apache.kafka.clients.Metadata        : [Consumer clientId=consumer-nexbid-notifications-3, groupId=nexbid-notifications] Rebootstrapping with [/127.0.0.1:59092]
2026-09-25T07:40:46.432+07:00  INFO 29860 --- [nexbid] [fications-0-C-1] org.apache.kafka.clients.Metadata        : [Consumer clientId=consumer-nexbid-notifications-1, groupId=nexbid-notifications] Rebootstrapping with [/127.0.0.1:59092]
2026-09-25T07:40:46.546+07:00  INFO 29860 --- [nexbid] [fications-2-C-1] org.apache.kafka.clients.Metadata        : [Consumer clientId=consumer-nexbid-notifications-3, groupId=nexbid-notifications] Rebootstrapping with [/127.0.0.1:59092]
2026-09-25T07:40:46.596+07:00  INFO 29860 --- [nexbid] [fications-2-C-1] org.apache.kafka.clients.Metadata        : [Consumer clientId=consumer-nexbid-notifications-3, groupId=nexbid-notifications] Rebootstrapping with [/127.0.0.1:59092]
2026-09-25T07:40:46.673+07:00  INFO 29860 --- [nexbid] [fications-0-C-1] org.apache.kafka.clients.NetworkClient   : [Consumer clientId=consumer-nexbid-notifications-1, groupId=nexbid-notifications] Node -1 disconnected.
2026-09-25T07:40:46.673+07:00  WARN 29860 --- [nexbid] [fications-0-C-1] org.apache.kafka.clients.NetworkClient   : [Consumer clientId=consumer-nexbid-notifications-1, groupId=nexbid-notifications] Connection to node -1 (/127.0.0.1:59092) could not be established. Node may not be available.
2026-09-25T07:40:46.673+07:00  WARN 29860 --- [nexbid] [fications-0-C-1] org.apache.kafka.clients.NetworkClient   : [Consumer clientId=consumer-nexbid-notifications-1, groupId=nexbid-notifications] Bootstrap broker 127.0.0.1:59092 (id: -1 rack: null isFenced: false) disconnected
2026-09-25T07:40:46.942+07:00  INFO 29860 --- [nexbid] [fications-2-C-1] org.apache.kafka.clients.Metadata        : [Consumer clientId=consumer-nexbid-notifications-3, groupId=nexbid-notifications] Rebootstrapping with [/127.0.0.1:59092]
2026-09-25T07:40:46.993+07:00  INFO 29860 --- [nexbid] [fications-2-C-1] org.apache.kafka.clients.Metadata        : [Consumer clientId=consumer-nexbid-notifications-3, groupId=nexbid-notifications] Rebootstrapping with [/127.0.0.1:59092]
2026-09-25T07:40:47.086+07:00  INFO 29860 --- [nexbid] [fications-1-C-1] org.apache.kafka.clients.NetworkClient   : [Consumer clientId=consumer-nexbid-notifications-2, groupId=nexbid-notifications] Node -1 disconnected.
2026-09-25T07:40:47.086+07:00  WARN 29860 --- [nexbid] [fications-1-C-1] org.apache.kafka.clients.NetworkClient   : [Consumer clientId=consumer-nexbid-notifications-2, groupId=nexbid-notifications] Connection to node -1 (/127.0.0.1:59092) could not be established. Node may not be available.
2026-09-25T07:40:47.086+07:00  WARN 29860 --- [nexbid] [fications-1-C-1] org.apache.kafka.clients.NetworkClient   : [Consumer clientId=consumer-nexbid-notifications-2, groupId=nexbid-notifications] Bootstrap broker 127.0.0.1:59092 (id: -1 rack: null isFenced: false) disconnected
2026-09-25T07:40:47.285+07:00  INFO 29860 --- [nexbid] [xbid-producer-1] org.apache.kafka.clients.NetworkClient   : [Producer clientId=nexbid-producer-1] Node -1 disconnected.
2026-09-25T07:40:47.285+07:00  WARN 29860 --- [nexbid] [xbid-producer-1] org.apache.kafka.clients.NetworkClient   : [Producer clientId=nexbid-producer-1] Connection to node -1 (/127.0.0.1:59092) could not be established. Node may not be available.
2026-09-25T07:40:47.285+07:00  WARN 29860 --- [nexbid] [xbid-producer-1] org.apache.kafka.clients.NetworkClient   : [Producer clientId=nexbid-producer-1] Bootstrap broker 127.0.0.1:59092 (id: -1 rack: null isFenced: false) disconnected
2026-09-25T07:40:47.673+07:00  INFO 29860 --- [nexbid] [fications-0-C-1] org.apache.kafka.clients.NetworkClient   : [Consumer clientId=consumer-nexbid-notifications-1, groupId=nexbid-notifications] Node -1 disconnected.
2026-09-25T07:40:47.673+07:00  WARN 29860 --- [nexbid] [fications-0-C-1] org.apache.kafka.clients.NetworkClient   : [Consumer clientId=consumer-nexbid-notifications-1, groupId=nexbid-notifications] Connection to node -1 (/127.0.0.1:59092) could not be established. Node may not be available.
2026-09-25T07:40:47.673+07:00  WARN 29860 --- [nexbid] [fications-0-C-1] org.apache.kafka.clients.NetworkClient   : [Consumer clientId=consumer-nexbid-notifications-1, groupId=nexbid-notifications] Bootstrap broker 127.0.0.1:59092 (id: -1 rack: null isFenced: false) disconnected
2026-09-25T07:40:47.781+07:00  INFO 29860 --- [nexbid] [fications-2-C-1] org.apache.kafka.clients.NetworkClient   : [Consumer clientId=consumer-nexbid-notifications-3, groupId=nexbid-notifications] Node -1 disconnected.
2026-09-25T07:40:47.781+07:00  WARN 29860 --- [nexbid] [fications-2-C-1] org.apache.kafka.clients.NetworkClient   : [Consumer clientId=consumer-nexbid-notifications-3, groupId=nexbid-notifications] Connection to node -1 (/127.0.0.1:59092) could not be established. Node may not be available.
2026-09-25T07:40:47.781+07:00  WARN 29860 --- [nexbid] [fications-2-C-1] org.apache.kafka.clients.NetworkClient   : [Consumer clientId=consumer-nexbid-notifications-3, groupId=nexbid-notifications] Bootstrap broker 127.0.0.1:59092 (id: -1 rack: null isFenced: false) disconnected
2026-09-25T07:40:48.075+07:00  INFO 29860 --- [nexbid] [fications-1-C-1] org.apache.kafka.clients.Metadata        : [Consumer clientId=consumer-nexbid-notifications-2, groupId=nexbid-notifications] Rebootstrapping with [/127.0.0.1:59092]
2026-09-25T07:40:48.138+07:00  INFO 29860 --- [nexbid] [fications-1-C-1] org.apache.kafka.clients.NetworkClient   : [Consumer clientId=consumer-nexbid-notifications-2, groupId=nexbid-notifications] Node -1 disconnected.
2026-09-25T07:40:48.138+07:00  WARN 29860 --- [nexbid] [fications-1-C-1] org.apache.kafka.clients.NetworkClient   : [Consumer clientId=consumer-nexbid-notifications-2, groupId=nexbid-notifications] Connection to node -1 (/127.0.0.1:59092) could not be established. Node may not be available.
2026-09-25T07:40:48.138+07:00  WARN 29860 --- [nexbid] [fications-1-C-1] org.apache.kafka.clients.NetworkClient   : [Consumer clientId=consumer-nexbid-notifications-2, groupId=nexbid-notifications] Bootstrap broker 127.0.0.1:59092 (id: -1 rack: null isFenced: false) disconnected
2026-09-25T07:40:48.296+07:00  INFO 29860 --- [nexbid] [xbid-producer-1] org.apache.kafka.clients.NetworkClient   : [Producer clientId=nexbid-producer-1] Node -1 disconnected.
2026-09-25T07:40:48.296+07:00  WARN 29860 --- [nexbid] [xbid-producer-1] org.apache.kafka.clients.NetworkClient   : [Producer clientId=nexbid-producer-1] Connection to node -1 (/127.0.0.1:59092) could not be established. Node may not be available.
2026-09-25T07:40:48.296+07:00  WARN 29860 --- [nexbid] [xbid-producer-1] org.apache.kafka.clients.NetworkClient   : [Producer clientId=nexbid-producer-1] Bootstrap broker 127.0.0.1:59092 (id: -1 rack: null isFenced: false) disconnected
2026-09-25T07:40:48.527+07:00  INFO 29860 --- [nexbid] [fications-0-C-1] org.apache.kafka.clients.NetworkClient   : [Consumer clientId=consumer-nexbid-notifications-1, groupId=nexbid-notifications] Node 1 disconnected.
2026-09-25T07:40:48.528+07:00  WARN 29860 --- [nexbid] [fications-0-C-1] org.apache.kafka.clients.NetworkClient   : [Consumer clientId=consumer-nexbid-notifications-1, groupId=nexbid-notifications] Connection to node 1 (/127.0.0.1:59092) could not be established. Node may not be available.
2026-09-25T07:40:48.528+07:00  INFO 29860 --- [nexbid] [d-notifications] org.apache.kafka.clients.Metadata        : [Consumer clientId=consumer-nexbid-notifications-1, groupId=nexbid-notifications] Rebootstrapping with [/127.0.0.1:59092]
2026-09-25T07:40:48.528+07:00  INFO 29860 --- [nexbid] [fications-0-C-1] o.a.kafka.clients.FetchSessionHandler    : [Consumer clientId=consumer-nexbid-notifications-1, groupId=nexbid-notifications] Error sending fetch request (sessionId=271848420, epoch=INITIAL) to node 1:

org.apache.kafka.common.errors.DisconnectException

2026-09-25T07:40:48.538+07:00  INFO 29860 --- [nexbid] [fications-2-C-1] org.apache.kafka.clients.NetworkClient   : [Consumer clientId=consumer-nexbid-notifications-3, groupId=nexbid-notifications] Node 1 disconnected.
2026-09-25T07:40:48.538+07:00  WARN 29860 --- [nexbid] [fications-2-C-1] org.apache.kafka.clients.NetworkClient   : [Consumer clientId=consumer-nexbid-notifications-3, groupId=nexbid-notifications] Connection to node 1 (/127.0.0.1:59092) could not be established. Node may not be available.
2026-09-25T07:40:48.538+07:00  INFO 29860 --- [nexbid] [fications-2-C-1] o.a.kafka.clients.FetchSessionHandler    : [Consumer clientId=consumer-nexbid-notifications-3, groupId=nexbid-notifications] Error sending fetch request (sessionId=581365193, epoch=INITIAL) to node 1:

org.apache.kafka.common.errors.DisconnectException

2026-09-25T07:40:48.610+07:00  INFO 29860 --- [nexbid] [fications-0-C-1] org.apache.kafka.clients.Metadata        : [Consumer clientId=consumer-nexbid-notifications-1, groupId=nexbid-notifications] Rebootstrapping with [/127.0.0.1:59092]
2026-09-25T07:40:48.634+07:00  INFO 29860 --- [nexbid] [fications-2-C-1] org.apache.kafka.clients.Metadata        : [Consumer clientId=consumer-nexbid-notifications-3, groupId=nexbid-notifications] Rebootstrapping with [/127.0.0.1:59092]
2026-09-25T07:40:48.685+07:00  INFO 29860 --- [nexbid] [fications-2-C-1] org.apache.kafka.clients.Metadata        : [Consumer clientId=consumer-nexbid-notifications-3, groupId=nexbid-notifications] Rebootstrapping with [/127.0.0.1:59092]
2026-09-25T07:40:48.883+07:00  INFO 29860 --- [nexbid] [fications-2-C-1] org.apache.kafka.clients.NetworkClient   : [Consumer clientId=consumer-nexbid-notifications-3, groupId=nexbid-notifications] Node -1 disconnected.
2026-09-25T07:40:48.883+07:00  WARN 29860 --- [nexbid] [fications-2-C-1] org.apache.kafka.clients.NetworkClient   : [Consumer clientId=consumer-nexbid-notifications-3, groupId=nexbid-notifications] Connection to node -1 (/127.0.0.1:59092) could not be established. Node may not be available.
2026-09-25T07:40:48.883+07:00  WARN 29860 --- [nexbid] [fications-2-C-1] org.apache.kafka.clients.NetworkClient   : [Consumer clientId=consumer-nexbid-notifications-3, groupId=nexbid-notifications] Bootstrap broker 127.0.0.1:59092 (id: -1 rack: null isFenced: false) disconnected
2026-09-25T07:40:48.890+07:00  INFO 29860 --- [nexbid] [fications-0-C-1] org.apache.kafka.clients.NetworkClient   : [Consumer clientId=consumer-nexbid-notifications-1, groupId=nexbid-notifications] Node -1 disconnected.
2026-09-25T07:40:48.890+07:00  WARN 29860 --- [nexbid] [fications-0-C-1] org.apache.kafka.clients.NetworkClient   : [Consumer clientId=consumer-nexbid-notifications-1, groupId=nexbid-notifications] Connection to node -1 (/127.0.0.1:59092) could not be established. Node may not be available.
2026-09-25T07:40:48.890+07:00  WARN 29860 --- [nexbid] [fications-0-C-1] org.apache.kafka.clients.NetworkClient   : [Consumer clientId=consumer-nexbid-notifications-1, groupId=nexbid-notifications] Bootstrap broker 127.0.0.1:59092 (id: -1 rack: null isFenced: false) disconnected
2026-09-25T07:40:49.066+07:00  INFO 29860 --- [nexbid] [fications-1-C-1] org.apache.kafka.clients.Metadata        : [Consumer clientId=consumer-nexbid-notifications-2, groupId=nexbid-notifications] Rebootstrapping with [/127.0.0.1:59092]
2026-09-25T07:40:49.123+07:00  INFO 29860 --- [nexbid] [fications-1-C-1] org.apache.kafka.clients.Metadata        : [Consumer clientId=consumer-nexbid-notifications-2, groupId=nexbid-notifications] Rebootstrapping with [/127.0.0.1:59092]
2026-09-25T07:40:49.297+07:00  INFO 29860 --- [nexbid] [xbid-producer-1] org.apache.kafka.clients.NetworkClient   : [Producer clientId=nexbid-producer-1] Node -1 disconnected.
2026-09-25T07:40:49.297+07:00  WARN 29860 --- [nexbid] [xbid-producer-1] org.apache.kafka.clients.NetworkClient   : [Producer clientId=nexbid-producer-1] Connection to node -1 (/127.0.0.1:59092) could not be established. Node may not be available.
2026-09-25T07:40:49.297+07:00  WARN 29860 --- [nexbid] [xbid-producer-1] org.apache.kafka.clients.NetworkClient   : [Producer clientId=nexbid-producer-1] Bootstrap broker 127.0.0.1:59092 (id: -1 rack: null isFenced: false) disconnected
2026-09-25T07:40:49.410+07:00  INFO 29860 --- [nexbid] [fications-1-C-1] org.apache.kafka.clients.NetworkClient   : [Consumer clientId=consumer-nexbid-notifications-2, groupId=nexbid-notifications] Node -1 disconnected.
2026-09-25T07:40:49.410+07:00  WARN 29860 --- [nexbid] [fications-1-C-1] org.apache.kafka.clients.NetworkClient   : [Consumer clientId=consumer-nexbid-notifications-2, groupId=nexbid-notifications] Connection to node -1 (/127.0.0.1:59092) could not be established. Node may not be available.
2026-09-25T07:40:49.410+07:00  WARN 29860 --- [nexbid] [fications-1-C-1] org.apache.kafka.clients.NetworkClient   : [Consumer clientId=consumer-nexbid-notifications-2, groupId=nexbid-notifications] Bootstrap broker 127.0.0.1:59092 (id: -1 rack: null isFenced: false) disconnected
2026-09-25T07:40:49.411+07:00  INFO 29860 --- [nexbid] [d-notifications] org.apache.kafka.clients.NetworkClient   : [Consumer clientId=consumer-nexbid-notifications-2, groupId=nexbid-notifications] Node 1 disconnected.
2026-09-25T07:40:49.411+07:00  WARN 29860 --- [nexbid] [d-notifications] org.apache.kafka.clients.NetworkClient   : [Consumer clientId=consumer-nexbid-notifications-2, groupId=nexbid-notifications] Connection to node 1 (/127.0.0.1:59092) could not be established. Node may not be available.
2026-09-25T07:40:49.411+07:00  INFO 29860 --- [nexbid] [d-notifications] o.a.kafka.clients.FetchSessionHandler    : [Consumer clientId=consumer-nexbid-notifications-2, groupId=nexbid-notifications] Error sending fetch request (sessionId=237826675, epoch=INITIAL) to node 1:

org.apache.kafka.common.errors.DisconnectException

2026-09-25T07:40:49.891+07:00  INFO 29860 --- [nexbid] [fications-0-C-1] org.apache.kafka.clients.NetworkClient   : [Consumer clientId=consumer-nexbid-notifications-1, groupId=nexbid-notifications] Node -1 disconnected.
2026-09-25T07:40:49.891+07:00  WARN 29860 --- [nexbid] [fications-0-C-1] org.apache.kafka.clients.NetworkClient   : [Consumer clientId=consumer-nexbid-notifications-1, groupId=nexbid-notifications] Connection to node -1 (/127.0.0.1:59092) could not be established. Node may not be available.
2026-09-25T07:40:49.891+07:00  WARN 29860 --- [nexbid] [fications-0-C-1] org.apache.kafka.clients.NetworkClient   : [Consumer clientId=consumer-nexbid-notifications-1, groupId=nexbid-notifications] Bootstrap broker 127.0.0.1:59092 (id: -1 rack: null isFenced: false) disconnected
2026-09-25T07:40:49.897+07:00  INFO 29860 --- [nexbid] [fications-2-C-1] org.apache.kafka.clients.NetworkClient   : [Consumer clientId=consumer-nexbid-notifications-3, groupId=nexbid-notifications] Node -1 disconnected.
2026-09-25T07:40:49.898+07:00  WARN 29860 --- [nexbid] [fications-2-C-1] org.apache.kafka.clients.NetworkClient   : [Consumer clientId=consumer-nexbid-notifications-3, groupId=nexbid-notifications] Connection to node -1 (/127.0.0.1:59092) could not be established. Node may not be available.
2026-09-25T07:40:49.898+07:00  WARN 29860 --- [nexbid] [fications-2-C-1] org.apache.kafka.clients.NetworkClient   : [Consumer clientId=consumer-nexbid-notifications-3, groupId=nexbid-notifications] Bootstrap broker 127.0.0.1:59092 (id: -1 rack: null isFenced: false) disconnected
2026-09-25T07:40:50.299+07:00  INFO 29860 --- [nexbid] [xbid-producer-1] org.apache.kafka.clients.NetworkClient   : [Producer clientId=nexbid-producer-1] Node -1 disconnected.
2026-09-25T07:40:50.299+07:00  WARN 29860 --- [nexbid] [xbid-producer-1] org.apache.kafka.clients.NetworkClient   : [Producer clientId=nexbid-producer-1] Connection to node -1 (/127.0.0.1:59092) could not be established. Node may not be available.
2026-09-25T07:40:50.299+07:00  WARN 29860 --- [nexbid] [xbid-producer-1] org.apache.kafka.clients.NetworkClient   : [Producer clientId=nexbid-producer-1] Bootstrap broker 127.0.0.1:59092 (id: -1 rack: null isFenced: false) disconnected
2026-09-25T07:40:50.418+07:00  INFO 29860 --- [nexbid] [fications-1-C-1] org.apache.kafka.clients.NetworkClient   : [Consumer clientId=consumer-nexbid-notifications-2, groupId=nexbid-notifications] Node -1 disconnected.
2026-09-25T07:40:50.418+07:00  WARN 29860 --- [nexbid] [fications-1-C-1] org.apache.kafka.clients.NetworkClient   : [Consumer clientId=consumer-nexbid-notifications-2, groupId=nexbid-notifications] Connection to node -1 (/127.0.0.1:59092) could not be established. Node may not be available.
2026-09-25T07:40:50.419+07:00  WARN 29860 --- [nexbid] [fications-1-C-1] org.apache.kafka.clients.NetworkClient   : [Consumer clientId=consumer-nexbid-notifications-2, groupId=nexbid-notifications] Bootstrap broker 127.0.0.1:59092 (id: -1 rack: null isFenced: false) disconnected
2026-09-25T07:40:50.768+07:00 ERROR 29860 --- [nexbid] [   outbox-relay] o.s.k.support.LoggingProducerListener    : Exception thrown when sending a message with key='4761d45e-0a0d-4a65-acae-bdceec078084' and payload='{"placed":{"bid":{"id":"7c05bd51-c31a-47b0-b75f-a160077ae989","auctionId":"4761d45e-0a0d-4a65-acae-b...' to topic nexbid.auctions:

org.apache.kafka.common.errors.TimeoutException: Topic nexbid.auctions not present in metadata after 2000 ms.

2026-09-25T07:40:50.771+07:00  WARN 29860 --- [nexbid] [   outbox-relay] c.n.infrastructure.kafka.OutboxRelay     : Kafka unavailable, events wait in the outbox for PT10S: Send failed
2026-09-25T07:40:50.799+07:00  INFO 29860 --- [nexbid] [fications-2-C-1] org.apache.kafka.clients.Metadata        : [Consumer clientId=consumer-nexbid-notifications-3, groupId=nexbid-notifications] Rebootstrapping with [/127.0.0.1:59092]
2026-09-25T07:40:50.847+07:00  INFO 29860 --- [nexbid] [fications-0-C-1] org.apache.kafka.clients.NetworkClient   : [Consumer clientId=consumer-nexbid-notifications-1, groupId=nexbid-notifications] Node -1 disconnected.
2026-09-25T07:40:50.847+07:00  WARN 29860 --- [nexbid] [fications-0-C-1] org.apache.kafka.clients.NetworkClient   : [Consumer clientId=consumer-nexbid-notifications-1, groupId=nexbid-notifications] Connection to node -1 (/127.0.0.1:59092) could not be established. Node may not be available.
2026-09-25T07:40:50.847+07:00  WARN 29860 --- [nexbid] [fications-0-C-1] org.apache.kafka.clients.NetworkClient   : [Consumer clientId=consumer-nexbid-notifications-1, groupId=nexbid-notifications] Bootstrap broker 127.0.0.1:59092 (id: -1 rack: null isFenced: false) disconnected
2026-09-25T07:40:50.893+07:00  INFO 29860 --- [nexbid] [fications-0-C-1] org.apache.kafka.clients.Metadata        : [Consumer clientId=consumer-nexbid-notifications-1, groupId=nexbid-notifications] Rebootstrapping with [/127.0.0.1:59092]
2026-09-25T07:40:50.955+07:00  INFO 29860 --- [nexbid] [fications-0-C-1] org.apache.kafka.clients.Metadata        : [Consumer clientId=consumer-nexbid-notifications-1, groupId=nexbid-notifications] Rebootstrapping with [/127.0.0.1:59092]
2026-09-25T07:40:51.296+07:00  INFO 29860 --- [nexbid] [fications-2-C-1] org.apache.kafka.clients.NetworkClient   : [Consumer clientId=consumer-nexbid-notifications-3, groupId=nexbid-notifications] Node -1 disconnected.
2026-09-25T07:40:51.296+07:00  WARN 29860 --- [nexbid] [fications-2-C-1] org.apache.kafka.clients.NetworkClient   : [Consumer clientId=consumer-nexbid-notifications-3, groupId=nexbid-notifications] Connection to node -1 (/127.0.0.1:59092) could not be established. Node may not be available.
2026-09-25T07:40:51.296+07:00  WARN 29860 --- [nexbid] [fications-2-C-1] org.apache.kafka.clients.NetworkClient   : [Consumer clientId=consumer-nexbid-notifications-3, groupId=nexbid-notifications] Bootstrap broker 127.0.0.1:59092 (id: -1 rack: null isFenced: false) disconnected
2026-09-25T07:40:51.303+07:00  INFO 29860 --- [nexbid] [xbid-producer-1] org.apache.kafka.clients.NetworkClient   : [Producer clientId=nexbid-producer-1] Node -1 disconnected.
2026-09-25T07:40:51.304+07:00  WARN 29860 --- [nexbid] [xbid-producer-1] org.apache.kafka.clients.NetworkClient   : [Producer clientId=nexbid-producer-1] Connection to node -1 (/127.0.0.1:59092) could not be established. Node may not be available.
2026-09-25T07:40:51.304+07:00  WARN 29860 --- [nexbid] [xbid-producer-1] org.apache.kafka.clients.NetworkClient   : [Producer clientId=nexbid-producer-1] Bootstrap broker 127.0.0.1:59092 (id: -1 rack: null isFenced: false) disconnected
2026-09-25T07:40:51.412+07:00  INFO 29860 --- [nexbid] [fications-0-C-1] org.apache.kafka.clients.Metadata        : [Consumer clientId=consumer-nexbid-notifications-1, groupId=nexbid-notifications] Rebootstrapping with [/127.0.0.1:59092]
2026-09-25T07:40:51.420+07:00  INFO 29860 --- [nexbid] [fications-1-C-1] org.apache.kafka.clients.NetworkClient   : [Consumer clientId=consumer-nexbid-notifications-2, groupId=nexbid-notifications] Node -1 disconnected.
2026-09-25T07:40:51.420+07:00  WARN 29860 --- [nexbid] [fications-1-C-1] org.apache.kafka.clients.NetworkClient   : [Consumer clientId=consumer-nexbid-notifications-2, groupId=nexbid-notifications] Connection to node -1 (/127.0.0.1:59092) could not be established. Node may not be available.
2026-09-25T07:40:51.420+07:00  WARN 29860 --- [nexbid] [fications-1-C-1] org.apache.kafka.clients.NetworkClient   : [Consumer clientId=consumer-nexbid-notifications-2, groupId=nexbid-notifications] Bootstrap broker 127.0.0.1:59092 (id: -1 rack: null isFenced: false) disconnected
2026-09-25T07:40:51.465+07:00  INFO 29860 --- [nexbid] [fications-0-C-1] org.apache.kafka.clients.Metadata        : [Consumer clientId=consumer-nexbid-notifications-1, groupId=nexbid-notifications] Rebootstrapping with [/127.0.0.1:59092]
2026-09-25T07:40:52.180+07:00  INFO 29860 --- [nexbid] [fications-0-C-1] org.apache.kafka.clients.NetworkClient   : [Consumer clientId=consumer-nexbid-notifications-1, groupId=nexbid-notifications] Node -1 disconnected.
2026-09-25T07:40:52.180+07:00  WARN 29860 --- [nexbid] [fications-0-C-1] org.apache.kafka.clients.NetworkClient   : [Consumer clientId=consumer-nexbid-notifications-1, groupId=nexbid-notifications] Connection to node -1 (/127.0.0.1:59092) could not be established. Node may not be available.
2026-09-25T07:40:52.181+07:00  WARN 29860 --- [nexbid] [fications-0-C-1] org.apache.kafka.clients.NetworkClient   : [Consumer clientId=consumer-nexbid-notifications-1, groupId=nexbid-notifications] Bootstrap broker 127.0.0.1:59092 (id: -1 rack: null isFenced: false) disconnected
2026-09-25T07:40:52.201+07:00  INFO 29860 --- [nexbid] [fications-2-C-1] org.apache.kafka.clients.Metadata        : [Consumer clientId=consumer-nexbid-notifications-3, groupId=nexbid-notifications] Rebootstrapping with [/127.0.0.1:59092]
2026-09-25T07:40:52.243+07:00  INFO 29860 --- [nexbid] [xbid-producer-1] org.apache.kafka.clients.NetworkClient   : [Producer clientId=nexbid-producer-1] Node -1 disconnected.
2026-09-25T07:40:52.243+07:00  INFO 29860 --- [nexbid] [xbid-producer-1] org.apache.kafka.clients.NetworkClient   : [Producer clientId=nexbid-producer-1] Cancelled in-flight API_VERSIONS request with correlation id 13 due to node -1 being disconnected (elapsed time since creation: 1ms, elapsed time since send: 1ms, throttle time: 0ms, request timeout: 3000ms)
2026-09-25T07:40:52.244+07:00  WARN 29860 --- [nexbid] [xbid-producer-1] org.apache.kafka.clients.NetworkClient   : [Producer clientId=nexbid-producer-1] Bootstrap broker 127.0.0.1:59092 (id: -1 rack: null isFenced: false) disconnected
2026-09-25T07:40:52.256+07:00  INFO 29860 --- [nexbid] [fications-2-C-1] org.apache.kafka.clients.Metadata        : [Consumer clientId=consumer-nexbid-notifications-3, groupId=nexbid-notifications] Rebootstrapping with [/127.0.0.1:59092]
2026-09-25T07:40:52.422+07:00  INFO 29860 --- [nexbid] [fications-1-C-1] org.apache.kafka.clients.NetworkClient   : [Consumer clientId=consumer-nexbid-notifications-2, groupId=nexbid-notifications] Node -1 disconnected.
2026-09-25T07:40:52.423+07:00  INFO 29860 --- [nexbid] [fications-1-C-1] org.apache.kafka.clients.NetworkClient   : [Consumer clientId=consumer-nexbid-notifications-2, groupId=nexbid-notifications] Cancelled in-flight API_VERSIONS request with correlation id 174 due to node -1 being disconnected (elapsed time since creation: 0ms, elapsed time since send: 0ms, throttle time: 0ms, request timeout: 30000ms)
2026-09-25T07:40:52.423+07:00  WARN 29860 --- [nexbid] [fications-1-C-1] org.apache.kafka.clients.NetworkClient   : [Consumer clientId=consumer-nexbid-notifications-2, groupId=nexbid-notifications] Bootstrap broker 127.0.0.1:59092 (id: -1 rack: null isFenced: false) disconnected
2026-09-25T07:40:53.004+07:00  INFO 29860 --- [nexbid] [fications-2-C-1] org.apache.kafka.clients.Metadata        : [Consumer clientId=consumer-nexbid-notifications-3, groupId=nexbid-notifications] Resetting the last seen epoch of partition nexbid.payments-2 to 2 since the associated topicId changed from null to c2jotUtWTeKo7mVCpZ8V7w
2026-09-25T07:40:53.004+07:00  INFO 29860 --- [nexbid] [fications-2-C-1] org.apache.kafka.clients.Metadata        : [Consumer clientId=consumer-nexbid-notifications-3, groupId=nexbid-notifications] Resetting the last seen epoch of partition nexbid.payments-1 to 2 since the associated topicId changed from null to c2jotUtWTeKo7mVCpZ8V7w
2026-09-25T07:40:53.004+07:00  INFO 29860 --- [nexbid] [fications-2-C-1] org.apache.kafka.clients.Metadata        : [Consumer clientId=consumer-nexbid-notifications-3, groupId=nexbid-notifications] Resetting the last seen epoch of partition nexbid.payments-0 to 2 since the associated topicId changed from null to c2jotUtWTeKo7mVCpZ8V7w
2026-09-25T07:40:53.004+07:00  INFO 29860 --- [nexbid] [fications-2-C-1] org.apache.kafka.clients.Metadata        : [Consumer clientId=consumer-nexbid-notifications-3, groupId=nexbid-notifications] Resetting the last seen epoch of partition nexbid.auctions-2 to 2 since the associated topicId changed from null to xsTbT9eyQxm_JmYaLOuQWw
2026-09-25T07:40:53.004+07:00  INFO 29860 --- [nexbid] [fications-2-C-1] org.apache.kafka.clients.Metadata        : [Consumer clientId=consumer-nexbid-notifications-3, groupId=nexbid-notifications] Resetting the last seen epoch of partition nexbid.auctions-1 to 2 since the associated topicId changed from null to xsTbT9eyQxm_JmYaLOuQWw
2026-09-25T07:40:53.004+07:00  INFO 29860 --- [nexbid] [fications-2-C-1] org.apache.kafka.clients.Metadata        : [Consumer clientId=consumer-nexbid-notifications-3, groupId=nexbid-notifications] Resetting the last seen epoch of partition nexbid.auctions-0 to 2 since the associated topicId changed from null to xsTbT9eyQxm_JmYaLOuQWw
2026-09-25T07:40:53.004+07:00  INFO 29860 --- [nexbid] [fications-2-C-1] org.apache.kafka.clients.Metadata        : [Consumer clientId=consumer-nexbid-notifications-3, groupId=nexbid-notifications] Cluster ID: 5L6g3nShT-eMCtK--X86sw
2026-09-25T07:40:53.007+07:00  INFO 29860 --- [nexbid] [fications-2-C-1] o.a.k.c.c.internals.ConsumerCoordinator  : [Consumer clientId=consumer-nexbid-notifications-3, groupId=nexbid-notifications] Discovered group coordinator 127.0.0.1:59092 (id: 2147483646 rack: null isFenced: false)
2026-09-25T07:40:53.010+07:00  INFO 29860 --- [nexbid] [fications-2-C-1] o.a.k.c.c.internals.ConsumerCoordinator  : [Consumer clientId=consumer-nexbid-notifications-3, groupId=nexbid-notifications] Attempt to heartbeat failed since coordinator 127.0.0.1:59092 (id: 2147483646 rack: null isFenced: false) is either not started or not valid
2026-09-25T07:40:53.010+07:00  INFO 29860 --- [nexbid] [fications-2-C-1] o.a.k.c.c.internals.ConsumerCoordinator  : [Consumer clientId=consumer-nexbid-notifications-3, groupId=nexbid-notifications] Group coordinator 127.0.0.1:59092 (id: 2147483646 rack: null isFenced: false) is unavailable or invalid due to cause: error response NOT_COORDINATOR. isDisconnected: false. Rediscovery will be attempted.
2026-09-25T07:40:53.010+07:00  INFO 29860 --- [nexbid] [fications-2-C-1] o.a.k.c.c.internals.ConsumerCoordinator  : [Consumer clientId=consumer-nexbid-notifications-3, groupId=nexbid-notifications] Requesting disconnect from last known coordinator 127.0.0.1:59092 (id: 2147483646 rack: null isFenced: false)
2026-09-25T07:40:53.010+07:00  INFO 29860 --- [nexbid] [d-notifications] org.apache.kafka.clients.NetworkClient   : [Consumer clientId=consumer-nexbid-notifications-3, groupId=nexbid-notifications] Client requested disconnect from node 2147483646
2026-09-25T07:40:53.011+07:00  INFO 29860 --- [nexbid] [fications-2-C-1] o.a.k.c.c.internals.ConsumerCoordinator  : [Consumer clientId=consumer-nexbid-notifications-3, groupId=nexbid-notifications] Discovered group coordinator 127.0.0.1:59092 (id: 2147483646 rack: null isFenced: false)
2026-09-25T07:40:53.012+07:00  INFO 29860 --- [nexbid] [fications-2-C-1] o.a.k.c.c.internals.ConsumerCoordinator  : [Consumer clientId=consumer-nexbid-notifications-3, groupId=nexbid-notifications] Group coordinator 127.0.0.1:59092 (id: 2147483646 rack: null isFenced: false) is unavailable or invalid due to cause: coordinator unavailable. isDisconnected: false. Rediscovery will be attempted.
2026-09-25T07:40:53.012+07:00  INFO 29860 --- [nexbid] [fications-2-C-1] o.a.k.c.c.internals.ConsumerCoordinator  : [Consumer clientId=consumer-nexbid-notifications-3, groupId=nexbid-notifications] Requesting disconnect from last known coordinator 127.0.0.1:59092 (id: 2147483646 rack: null isFenced: false)
2026-09-25T07:40:53.107+07:00  INFO 29860 --- [nexbid] [fications-2-C-1] o.a.k.c.c.internals.ConsumerCoordinator  : [Consumer clientId=consumer-nexbid-notifications-3, groupId=nexbid-notifications] Discovered group coordinator 127.0.0.1:59092 (id: 2147483646 rack: null isFenced: false)
2026-09-25T07:40:53.116+07:00  INFO 29860 --- [nexbid] [fications-2-C-1] o.a.k.c.c.internals.ConsumerCoordinator  : [Consumer clientId=consumer-nexbid-notifications-3, groupId=nexbid-notifications] Attempt to heartbeat failed since coordinator 127.0.0.1:59092 (id: 2147483646 rack: null isFenced: false) is either not started or not valid
2026-09-25T07:40:53.116+07:00  INFO 29860 --- [nexbid] [fications-2-C-1] o.a.k.c.c.internals.ConsumerCoordinator  : [Consumer clientId=consumer-nexbid-notifications-3, groupId=nexbid-notifications] Group coordinator 127.0.0.1:59092 (id: 2147483646 rack: null isFenced: false) is unavailable or invalid due to cause: error response NOT_COORDINATOR. isDisconnected: false. Rediscovery will be attempted.
2026-09-25T07:40:53.116+07:00  INFO 29860 --- [nexbid] [fications-2-C-1] o.a.k.c.c.internals.ConsumerCoordinator  : [Consumer clientId=consumer-nexbid-notifications-3, groupId=nexbid-notifications] Requesting disconnect from last known coordinator 127.0.0.1:59092 (id: 2147483646 rack: null isFenced: false)
2026-09-25T07:40:53.117+07:00  INFO 29860 --- [nexbid] [d-notifications] org.apache.kafka.clients.NetworkClient   : [Consumer clientId=consumer-nexbid-notifications-3, groupId=nexbid-notifications] Client requested disconnect from node 2147483646
2026-09-25T07:40:53.118+07:00  INFO 29860 --- [nexbid] [fications-2-C-1] o.a.k.c.c.internals.ConsumerCoordinator  : [Consumer clientId=consumer-nexbid-notifications-3, groupId=nexbid-notifications] Discovered group coordinator 127.0.0.1:59092 (id: 2147483646 rack: null isFenced: false)
2026-09-25T07:40:53.118+07:00  INFO 29860 --- [nexbid] [fications-2-C-1] o.a.k.c.c.internals.ConsumerCoordinator  : [Consumer clientId=consumer-nexbid-notifications-3, groupId=nexbid-notifications] Group coordinator 127.0.0.1:59092 (id: 2147483646 rack: null isFenced: false) is unavailable or invalid due to cause: coordinator unavailable. isDisconnected: false. Rediscovery will be attempted.
2026-09-25T07:40:53.118+07:00  INFO 29860 --- [nexbid] [fications-2-C-1] o.a.k.c.c.internals.ConsumerCoordinator  : [Consumer clientId=consumer-nexbid-notifications-3, groupId=nexbid-notifications] Requesting disconnect from last known coordinator 127.0.0.1:59092 (id: 2147483646 rack: null isFenced: false)
2026-09-25T07:40:53.195+07:00  INFO 29860 --- [nexbid] [fications-0-C-1] org.apache.kafka.clients.Metadata        : [Consumer clientId=consumer-nexbid-notifications-1, groupId=nexbid-notifications] Resetting the last seen epoch of partition nexbid.payments-2 to 2 since the associated topicId changed from null to c2jotUtWTeKo7mVCpZ8V7w
2026-09-25T07:40:53.195+07:00  INFO 29860 --- [nexbid] [fications-0-C-1] org.apache.kafka.clients.Metadata        : [Consumer clientId=consumer-nexbid-notifications-1, groupId=nexbid-notifications] Resetting the last seen epoch of partition nexbid.payments-1 to 2 since the associated topicId changed from null to c2jotUtWTeKo7mVCpZ8V7w
2026-09-25T07:40:53.195+07:00  INFO 29860 --- [nexbid] [fications-0-C-1] org.apache.kafka.clients.Metadata        : [Consumer clientId=consumer-nexbid-notifications-1, groupId=nexbid-notifications] Resetting the last seen epoch of partition nexbid.payments-0 to 2 since the associated topicId changed from null to c2jotUtWTeKo7mVCpZ8V7w
2026-09-25T07:40:53.195+07:00  INFO 29860 --- [nexbid] [fications-0-C-1] org.apache.kafka.clients.Metadata        : [Consumer clientId=consumer-nexbid-notifications-1, groupId=nexbid-notifications] Resetting the last seen epoch of partition nexbid.auctions-2 to 2 since the associated topicId changed from null to xsTbT9eyQxm_JmYaLOuQWw
2026-09-25T07:40:53.195+07:00  INFO 29860 --- [nexbid] [fications-0-C-1] org.apache.kafka.clients.Metadata        : [Consumer clientId=consumer-nexbid-notifications-1, groupId=nexbid-notifications] Resetting the last seen epoch of partition nexbid.auctions-1 to 2 since the associated topicId changed from null to xsTbT9eyQxm_JmYaLOuQWw
2026-09-25T07:40:53.195+07:00  INFO 29860 --- [nexbid] [fications-0-C-1] org.apache.kafka.clients.Metadata        : [Consumer clientId=consumer-nexbid-notifications-1, groupId=nexbid-notifications] Resetting the last seen epoch of partition nexbid.auctions-0 to 2 since the associated topicId changed from null to xsTbT9eyQxm_JmYaLOuQWw
2026-09-25T07:40:53.195+07:00  INFO 29860 --- [nexbid] [fications-0-C-1] org.apache.kafka.clients.Metadata        : [Consumer clientId=consumer-nexbid-notifications-1, groupId=nexbid-notifications] Cluster ID: 5L6g3nShT-eMCtK--X86sw
2026-09-25T07:40:53.198+07:00  INFO 29860 --- [nexbid] [fications-0-C-1] o.a.k.c.c.internals.ConsumerCoordinator  : [Consumer clientId=consumer-nexbid-notifications-1, groupId=nexbid-notifications] Discovered group coordinator 127.0.0.1:59092 (id: 2147483646 rack: null isFenced: false)
2026-09-25T07:40:53.203+07:00  INFO 29860 --- [nexbid] [fications-0-C-1] o.a.k.c.c.internals.ConsumerCoordinator  : [Consumer clientId=consumer-nexbid-notifications-1, groupId=nexbid-notifications] Attempt to heartbeat failed since coordinator 127.0.0.1:59092 (id: 2147483646 rack: null isFenced: false) is either not started or not valid
2026-09-25T07:40:53.203+07:00  INFO 29860 --- [nexbid] [fications-0-C-1] o.a.k.c.c.internals.ConsumerCoordinator  : [Consumer clientId=consumer-nexbid-notifications-1, groupId=nexbid-notifications] Group coordinator 127.0.0.1:59092 (id: 2147483646 rack: null isFenced: false) is unavailable or invalid due to cause: error response NOT_COORDINATOR. isDisconnected: false. Rediscovery will be attempted.
2026-09-25T07:40:53.203+07:00  INFO 29860 --- [nexbid] [fications-0-C-1] o.a.k.c.c.internals.ConsumerCoordinator  : [Consumer clientId=consumer-nexbid-notifications-1, groupId=nexbid-notifications] Requesting disconnect from last known coordinator 127.0.0.1:59092 (id: 2147483646 rack: null isFenced: false)
2026-09-25T07:40:53.203+07:00  INFO 29860 --- [nexbid] [d-notifications] org.apache.kafka.clients.NetworkClient   : [Consumer clientId=consumer-nexbid-notifications-1, groupId=nexbid-notifications] Client requested disconnect from node 2147483646
2026-09-25T07:40:53.205+07:00  INFO 29860 --- [nexbid] [fications-0-C-1] o.a.k.c.c.internals.ConsumerCoordinator  : [Consumer clientId=consumer-nexbid-notifications-1, groupId=nexbid-notifications] Discovered group coordinator 127.0.0.1:59092 (id: 2147483646 rack: null isFenced: false)
2026-09-25T07:40:53.205+07:00  INFO 29860 --- [nexbid] [fications-0-C-1] o.a.k.c.c.internals.ConsumerCoordinator  : [Consumer clientId=consumer-nexbid-notifications-1, groupId=nexbid-notifications] Group coordinator 127.0.0.1:59092 (id: 2147483646 rack: null isFenced: false) is unavailable or invalid due to cause: coordinator unavailable. isDisconnected: false. Rediscovery will be attempted.
2026-09-25T07:40:53.205+07:00  INFO 29860 --- [nexbid] [fications-0-C-1] o.a.k.c.c.internals.ConsumerCoordinator  : [Consumer clientId=consumer-nexbid-notifications-1, groupId=nexbid-notifications] Requesting disconnect from last known coordinator 127.0.0.1:59092 (id: 2147483646 rack: null isFenced: false)
2026-09-25T07:40:53.224+07:00  INFO 29860 --- [nexbid] [fications-2-C-1] o.a.k.c.c.internals.ConsumerCoordinator  : [Consumer clientId=consumer-nexbid-notifications-3, groupId=nexbid-notifications] Discovered group coordinator 127.0.0.1:59092 (id: 2147483646 rack: null isFenced: false)
2026-09-25T07:40:53.256+07:00  INFO 29860 --- [nexbid] [xbid-producer-1] org.apache.kafka.clients.Metadata        : [Producer clientId=nexbid-producer-1] Resetting the last seen epoch of partition nexbid.auctions-2 to 2 since the associated topicId changed from null to xsTbT9eyQxm_JmYaLOuQWw
2026-09-25T07:40:53.256+07:00  INFO 29860 --- [nexbid] [xbid-producer-1] org.apache.kafka.clients.Metadata        : [Producer clientId=nexbid-producer-1] Resetting the last seen epoch of partition nexbid.auctions-1 to 2 since the associated topicId changed from null to xsTbT9eyQxm_JmYaLOuQWw
2026-09-25T07:40:53.256+07:00  INFO 29860 --- [nexbid] [xbid-producer-1] org.apache.kafka.clients.Metadata        : [Producer clientId=nexbid-producer-1] Resetting the last seen epoch of partition nexbid.auctions-0 to 2 since the associated topicId changed from null to xsTbT9eyQxm_JmYaLOuQWw
2026-09-25T07:40:53.256+07:00  INFO 29860 --- [nexbid] [xbid-producer-1] org.apache.kafka.clients.Metadata        : [Producer clientId=nexbid-producer-1] Cluster ID: 5L6g3nShT-eMCtK--X86sw
2026-09-25T07:40:53.291+07:00  INFO 29860 --- [nexbid] [fications-2-C-1] o.a.k.c.c.internals.ConsumerCoordinator  : [Consumer clientId=consumer-nexbid-notifications-3, groupId=nexbid-notifications] Attempt to heartbeat failed since coordinator 127.0.0.1:59092 (id: 2147483646 rack: null isFenced: false) is either not started or not valid
2026-09-25T07:40:53.291+07:00  INFO 29860 --- [nexbid] [fications-2-C-1] o.a.k.c.c.internals.ConsumerCoordinator  : [Consumer clientId=consumer-nexbid-notifications-3, groupId=nexbid-notifications] Group coordinator 127.0.0.1:59092 (id: 2147483646 rack: null isFenced: false) is unavailable or invalid due to cause: error response NOT_COORDINATOR. isDisconnected: false. Rediscovery will be attempted.
2026-09-25T07:40:53.291+07:00  INFO 29860 --- [nexbid] [fications-2-C-1] o.a.k.c.c.internals.ConsumerCoordinator  : [Consumer clientId=consumer-nexbid-notifications-3, groupId=nexbid-notifications] Requesting disconnect from last known coordinator 127.0.0.1:59092 (id: 2147483646 rack: null isFenced: false)
2026-09-25T07:40:53.291+07:00  INFO 29860 --- [nexbid] [fications-2-C-1] org.apache.kafka.clients.NetworkClient   : [Consumer clientId=consumer-nexbid-notifications-3, groupId=nexbid-notifications] Client requested disconnect from node 2147483646
2026-09-25T07:40:53.292+07:00  INFO 29860 --- [nexbid] [fications-2-C-1] o.a.k.c.c.internals.ConsumerCoordinator  : [Consumer clientId=consumer-nexbid-notifications-3, groupId=nexbid-notifications] Discovered group coordinator 127.0.0.1:59092 (id: 2147483646 rack: null isFenced: false)
2026-09-25T07:40:53.292+07:00  INFO 29860 --- [nexbid] [fications-2-C-1] o.a.k.c.c.internals.ConsumerCoordinator  : [Consumer clientId=consumer-nexbid-notifications-3, groupId=nexbid-notifications] Group coordinator 127.0.0.1:59092 (id: 2147483646 rack: null isFenced: false) is unavailable or invalid due to cause: coordinator unavailable. isDisconnected: false. Rediscovery will be attempted.
2026-09-25T07:40:53.292+07:00  INFO 29860 --- [nexbid] [fications-2-C-1] o.a.k.c.c.internals.ConsumerCoordinator  : [Consumer clientId=consumer-nexbid-notifications-3, groupId=nexbid-notifications] Requesting disconnect from last known coordinator 127.0.0.1:59092 (id: 2147483646 rack: null isFenced: false)
2026-09-25T07:40:53.324+07:00  INFO 29860 --- [nexbid] [fications-0-C-1] o.a.k.c.c.internals.ConsumerCoordinator  : [Consumer clientId=consumer-nexbid-notifications-1, groupId=nexbid-notifications] Discovered group coordinator 127.0.0.1:59092 (id: 2147483646 rack: null isFenced: false)
2026-09-25T07:40:53.326+07:00  INFO 29860 --- [nexbid] [fications-0-C-1] o.a.k.c.c.internals.ConsumerCoordinator  : [Consumer clientId=consumer-nexbid-notifications-1, groupId=nexbid-notifications] Attempt to heartbeat failed since coordinator 127.0.0.1:59092 (id: 2147483646 rack: null isFenced: false) is either not started or not valid
2026-09-25T07:40:53.326+07:00  INFO 29860 --- [nexbid] [fications-0-C-1] o.a.k.c.c.internals.ConsumerCoordinator  : [Consumer clientId=consumer-nexbid-notifications-1, groupId=nexbid-notifications] Group coordinator 127.0.0.1:59092 (id: 2147483646 rack: null isFenced: false) is unavailable or invalid due to cause: error response NOT_COORDINATOR. isDisconnected: false. Rediscovery will be attempted.
2026-09-25T07:40:53.326+07:00  INFO 29860 --- [nexbid] [fications-0-C-1] o.a.k.c.c.internals.ConsumerCoordinator  : [Consumer clientId=consumer-nexbid-notifications-1, groupId=nexbid-notifications] Requesting disconnect from last known coordinator 127.0.0.1:59092 (id: 2147483646 rack: null isFenced: false)
2026-09-25T07:40:53.327+07:00  INFO 29860 --- [nexbid] [fications-0-C-1] org.apache.kafka.clients.NetworkClient   : [Consumer clientId=consumer-nexbid-notifications-1, groupId=nexbid-notifications] Client requested disconnect from node 2147483646
2026-09-25T07:40:53.327+07:00  INFO 29860 --- [nexbid] [fications-1-C-1] org.apache.kafka.clients.Metadata        : [Consumer clientId=consumer-nexbid-notifications-2, groupId=nexbid-notifications] Rebootstrapping with [/127.0.0.1:59092]
2026-09-25T07:40:53.398+07:00  INFO 29860 --- [nexbid] [fications-2-C-1] o.a.k.c.c.internals.ConsumerCoordinator  : [Consumer clientId=consumer-nexbid-notifications-3, groupId=nexbid-notifications] Discovered group coordinator 127.0.0.1:59092 (id: 2147483646 rack: null isFenced: false)
2026-09-25T07:40:53.553+07:00  INFO 29860 --- [nexbid] [fications-1-C-1] org.apache.kafka.clients.Metadata        : [Consumer clientId=consumer-nexbid-notifications-2, groupId=nexbid-notifications] Resetting the last seen epoch of partition nexbid.payments-2 to 2 since the associated topicId changed from null to c2jotUtWTeKo7mVCpZ8V7w
2026-09-25T07:40:53.553+07:00  INFO 29860 --- [nexbid] [fications-1-C-1] org.apache.kafka.clients.Metadata        : [Consumer clientId=consumer-nexbid-notifications-2, groupId=nexbid-notifications] Resetting the last seen epoch of partition nexbid.payments-1 to 2 since the associated topicId changed from null to c2jotUtWTeKo7mVCpZ8V7w
2026-09-25T07:40:53.553+07:00  INFO 29860 --- [nexbid] [fications-1-C-1] org.apache.kafka.clients.Metadata        : [Consumer clientId=consumer-nexbid-notifications-2, groupId=nexbid-notifications] Resetting the last seen epoch of partition nexbid.payments-0 to 2 since the associated topicId changed from null to c2jotUtWTeKo7mVCpZ8V7w
2026-09-25T07:40:53.553+07:00  INFO 29860 --- [nexbid] [fications-1-C-1] org.apache.kafka.clients.Metadata        : [Consumer clientId=consumer-nexbid-notifications-2, groupId=nexbid-notifications] Resetting the last seen epoch of partition nexbid.auctions-2 to 2 since the associated topicId changed from null to xsTbT9eyQxm_JmYaLOuQWw
2026-09-25T07:40:53.553+07:00  INFO 29860 --- [nexbid] [fications-1-C-1] org.apache.kafka.clients.Metadata        : [Consumer clientId=consumer-nexbid-notifications-2, groupId=nexbid-notifications] Resetting the last seen epoch of partition nexbid.auctions-1 to 2 since the associated topicId changed from null to xsTbT9eyQxm_JmYaLOuQWw
2026-09-25T07:40:53.553+07:00  INFO 29860 --- [nexbid] [fications-1-C-1] org.apache.kafka.clients.Metadata        : [Consumer clientId=consumer-nexbid-notifications-2, groupId=nexbid-notifications] Resetting the last seen epoch of partition nexbid.auctions-0 to 2 since the associated topicId changed from null to xsTbT9eyQxm_JmYaLOuQWw
2026-09-25T07:40:53.553+07:00  INFO 29860 --- [nexbid] [fications-1-C-1] org.apache.kafka.clients.Metadata        : [Consumer clientId=consumer-nexbid-notifications-2, groupId=nexbid-notifications] Cluster ID: 5L6g3nShT-eMCtK--X86sw
2026-09-25T07:40:53.557+07:00  INFO 29860 --- [nexbid] [fications-1-C-1] o.a.k.c.c.internals.ConsumerCoordinator  : [Consumer clientId=consumer-nexbid-notifications-2, groupId=nexbid-notifications] Discovered group coordinator 127.0.0.1:59092 (id: 2147483646 rack: null isFenced: false)
2026-09-25T07:40:53.558+07:00  INFO 29860 --- [nexbid] [fications-1-C-1] o.a.k.c.c.internals.ConsumerCoordinator  : [Consumer clientId=consumer-nexbid-notifications-2, groupId=nexbid-notifications] Request joining group due to: cached metadata has changed from (version3: {nexbid.payments=[NO_RACKS, NO_RACKS, NO_RACKS], nexbid.auctions=[NO_RACKS, NO_RACKS, NO_RACKS]}) at the beginning of the rebalance to (version18: {nexbid.payments=[], nexbid.auctions=[]})
2026-09-25T07:40:53.558+07:00  INFO 29860 --- [nexbid] [fications-1-C-1] k.c.c.i.ConsumerRebalanceListenerInvoker : [Consumer clientId=consumer-nexbid-notifications-2, groupId=nexbid-notifications] Revoke previously assigned partitions [nexbid.auctions-1, nexbid.payments-1]
2026-09-25T07:40:53.558+07:00  INFO 29860 --- [nexbid] [fications-1-C-1] o.s.k.l.KafkaMessageListenerContainer    : nexbid-notifications: partitions revoked: [nexbid.auctions-1, nexbid.payments-1]
2026-09-25T07:40:53.558+07:00  INFO 29860 --- [nexbid] [fications-1-C-1] o.a.k.c.c.internals.ConsumerCoordinator  : [Consumer clientId=consumer-nexbid-notifications-2, groupId=nexbid-notifications] (Re-)joining group
2026-09-25T07:40:53.725+07:00  INFO 29860 --- [nexbid] [fications-2-C-1] o.a.k.c.c.internals.ConsumerCoordinator  : [Consumer clientId=consumer-nexbid-notifications-3, groupId=nexbid-notifications] Request joining group due to: group is already rebalancing
2026-09-25T07:40:53.725+07:00  INFO 29860 --- [nexbid] [fications-2-C-1] k.c.c.i.ConsumerRebalanceListenerInvoker : [Consumer clientId=consumer-nexbid-notifications-3, groupId=nexbid-notifications] Revoke previously assigned partitions [nexbid.auctions-2, nexbid.payments-2]
2026-09-25T07:40:53.725+07:00  INFO 29860 --- [nexbid] [fications-2-C-1] o.s.k.l.KafkaMessageListenerContainer    : nexbid-notifications: partitions revoked: [nexbid.auctions-2, nexbid.payments-2]
2026-09-25T07:40:53.725+07:00  INFO 29860 --- [nexbid] [fications-2-C-1] o.a.k.c.c.internals.ConsumerCoordinator  : [Consumer clientId=consumer-nexbid-notifications-3, groupId=nexbid-notifications] (Re-)joining group
2026-09-25T07:40:53.827+07:00  INFO 29860 --- [nexbid] [fications-0-C-1] o.a.k.c.c.internals.ConsumerCoordinator  : [Consumer clientId=consumer-nexbid-notifications-1, groupId=nexbid-notifications] Discovered group coordinator 127.0.0.1:59092 (id: 2147483646 rack: null isFenced: false)
2026-09-25T07:40:53.828+07:00  INFO 29860 --- [nexbid] [fications-0-C-1] o.a.k.c.c.internals.ConsumerCoordinator  : [Consumer clientId=consumer-nexbid-notifications-1, groupId=nexbid-notifications] Discovered group coordinator 127.0.0.1:59092 (id: 2147483646 rack: null isFenced: false)
2026-09-25T07:40:53.831+07:00  INFO 29860 --- [nexbid] [fications-0-C-1] o.a.k.c.c.internals.ConsumerCoordinator  : [Consumer clientId=consumer-nexbid-notifications-1, groupId=nexbid-notifications] Request joining group due to: group is already rebalancing
2026-09-25T07:40:53.831+07:00  INFO 29860 --- [nexbid] [fications-0-C-1] k.c.c.i.ConsumerRebalanceListenerInvoker : [Consumer clientId=consumer-nexbid-notifications-1, groupId=nexbid-notifications] Revoke previously assigned partitions [nexbid.auctions-0, nexbid.payments-0]
2026-09-25T07:40:53.831+07:00  INFO 29860 --- [nexbid] [fications-0-C-1] o.s.k.l.KafkaMessageListenerContainer    : nexbid-notifications: partitions revoked: [nexbid.auctions-0, nexbid.payments-0]
2026-09-25T07:40:53.831+07:00  INFO 29860 --- [nexbid] [fications-0-C-1] o.a.k.c.c.internals.ConsumerCoordinator  : [Consumer clientId=consumer-nexbid-notifications-1, groupId=nexbid-notifications] (Re-)joining group
2026-09-25T07:40:53.833+07:00  INFO 29860 --- [nexbid] [fications-2-C-1] o.a.k.c.c.internals.ConsumerCoordinator  : [Consumer clientId=consumer-nexbid-notifications-3, groupId=nexbid-notifications] Successfully joined group with generation Generation{generationId=3, memberId='consumer-nexbid-notifications-3-dcbc3576-6e44-45b9-a10c-11fca14e850e', protocol='range'}
2026-09-25T07:40:53.833+07:00  INFO 29860 --- [nexbid] [fications-0-C-1] o.a.k.c.c.internals.ConsumerCoordinator  : [Consumer clientId=consumer-nexbid-notifications-1, groupId=nexbid-notifications] Successfully joined group with generation Generation{generationId=3, memberId='consumer-nexbid-notifications-1-a73e3f95-d4ec-4e3f-9e94-bf78c8c33d86', protocol='range'}
2026-09-25T07:40:53.833+07:00  INFO 29860 --- [nexbid] [fications-1-C-1] o.a.k.c.c.internals.ConsumerCoordinator  : [Consumer clientId=consumer-nexbid-notifications-2, groupId=nexbid-notifications] Successfully joined group with generation Generation{generationId=3, memberId='consumer-nexbid-notifications-2-46e27d53-a8a5-4d9b-8b19-520b13afebb8', protocol='range'}
2026-09-25T07:40:53.834+07:00  INFO 29860 --- [nexbid] [fications-1-C-1] o.a.k.c.c.internals.ConsumerCoordinator  : [Consumer clientId=consumer-nexbid-notifications-2, groupId=nexbid-notifications] Finished assignment for group at generation 3: {consumer-nexbid-notifications-3-dcbc3576-6e44-45b9-a10c-11fca14e850e=Assignment(partitions=[nexbid.payments-2, nexbid.auctions-2]), consumer-nexbid-notifications-2-46e27d53-a8a5-4d9b-8b19-520b13afebb8=Assignment(partitions=[nexbid.payments-1, nexbid.auctions-1]), consumer-nexbid-notifications-1-a73e3f95-d4ec-4e3f-9e94-bf78c8c33d86=Assignment(partitions=[nexbid.payments-0, nexbid.auctions-0])}
2026-09-25T07:40:53.837+07:00  INFO 29860 --- [nexbid] [fications-1-C-1] o.a.k.c.c.internals.ConsumerCoordinator  : [Consumer clientId=consumer-nexbid-notifications-2, groupId=nexbid-notifications] Successfully synced group in generation Generation{generationId=3, memberId='consumer-nexbid-notifications-2-46e27d53-a8a5-4d9b-8b19-520b13afebb8', protocol='range'}
2026-09-25T07:40:53.837+07:00  INFO 29860 --- [nexbid] [fications-0-C-1] o.a.k.c.c.internals.ConsumerCoordinator  : [Consumer clientId=consumer-nexbid-notifications-1, groupId=nexbid-notifications] Successfully synced group in generation Generation{generationId=3, memberId='consumer-nexbid-notifications-1-a73e3f95-d4ec-4e3f-9e94-bf78c8c33d86', protocol='range'}
2026-09-25T07:40:53.837+07:00  INFO 29860 --- [nexbid] [fications-2-C-1] o.a.k.c.c.internals.ConsumerCoordinator  : [Consumer clientId=consumer-nexbid-notifications-3, groupId=nexbid-notifications] Successfully synced group in generation Generation{generationId=3, memberId='consumer-nexbid-notifications-3-dcbc3576-6e44-45b9-a10c-11fca14e850e', protocol='range'}
2026-09-25T07:40:53.837+07:00  INFO 29860 --- [nexbid] [fications-1-C-1] o.a.k.c.c.internals.ConsumerCoordinator  : [Consumer clientId=consumer-nexbid-notifications-2, groupId=nexbid-notifications] Notifying assignor about the new Assignment(partitions=[nexbid.payments-1, nexbid.auctions-1])
2026-09-25T07:40:53.837+07:00  INFO 29860 --- [nexbid] [fications-0-C-1] o.a.k.c.c.internals.ConsumerCoordinator  : [Consumer clientId=consumer-nexbid-notifications-1, groupId=nexbid-notifications] Notifying assignor about the new Assignment(partitions=[nexbid.payments-0, nexbid.auctions-0])
2026-09-25T07:40:53.837+07:00  INFO 29860 --- [nexbid] [fications-1-C-1] k.c.c.i.ConsumerRebalanceListenerInvoker : [Consumer clientId=consumer-nexbid-notifications-2, groupId=nexbid-notifications] Adding newly assigned partitions: [nexbid.auctions-1, nexbid.payments-1]
2026-09-25T07:40:53.837+07:00  INFO 29860 --- [nexbid] [fications-0-C-1] k.c.c.i.ConsumerRebalanceListenerInvoker : [Consumer clientId=consumer-nexbid-notifications-1, groupId=nexbid-notifications] Adding newly assigned partitions: [nexbid.auctions-0, nexbid.payments-0]
2026-09-25T07:40:53.837+07:00  INFO 29860 --- [nexbid] [fications-2-C-1] o.a.k.c.c.internals.ConsumerCoordinator  : [Consumer clientId=consumer-nexbid-notifications-3, groupId=nexbid-notifications] Notifying assignor about the new Assignment(partitions=[nexbid.payments-2, nexbid.auctions-2])
2026-09-25T07:40:53.837+07:00  INFO 29860 --- [nexbid] [fications-2-C-1] k.c.c.i.ConsumerRebalanceListenerInvoker : [Consumer clientId=consumer-nexbid-notifications-3, groupId=nexbid-notifications] Adding newly assigned partitions: [nexbid.auctions-2, nexbid.payments-2]
2026-09-25T07:40:53.838+07:00  INFO 29860 --- [nexbid] [fications-0-C-1] o.a.k.c.c.internals.ConsumerCoordinator  : [Consumer clientId=consumer-nexbid-notifications-1, groupId=nexbid-notifications] Found no committed offset for partition nexbid.payments-0
2026-09-25T07:40:53.838+07:00  INFO 29860 --- [nexbid] [fications-2-C-1] o.a.k.c.c.internals.ConsumerCoordinator  : [Consumer clientId=consumer-nexbid-notifications-3, groupId=nexbid-notifications] Found no committed offset for partition nexbid.payments-2
2026-09-25T07:40:53.838+07:00  INFO 29860 --- [nexbid] [fications-0-C-1] o.a.k.c.c.internals.ConsumerCoordinator  : [Consumer clientId=consumer-nexbid-notifications-1, groupId=nexbid-notifications] Found no committed offset for partition nexbid.auctions-0
2026-09-25T07:40:53.838+07:00  INFO 29860 --- [nexbid] [fications-2-C-1] o.a.k.c.c.internals.ConsumerCoordinator  : [Consumer clientId=consumer-nexbid-notifications-3, groupId=nexbid-notifications] Found no committed offset for partition nexbid.auctions-2
2026-09-25T07:40:53.838+07:00  INFO 29860 --- [nexbid] [fications-1-C-1] o.a.k.c.c.internals.ConsumerCoordinator  : [Consumer clientId=consumer-nexbid-notifications-2, groupId=nexbid-notifications] Found no committed offset for partition nexbid.payments-1
2026-09-25T07:40:53.839+07:00  INFO 29860 --- [nexbid] [fications-1-C-1] o.a.k.c.c.internals.ConsumerUtils        : Setting offset for partition nexbid.auctions-1 to the committed offset FetchPosition{offset=4, offsetEpoch=Optional.empty, currentLeader=LeaderAndEpoch{leader=Optional[127.0.0.1:59092 (id: 1 rack: null isFenced: false)], epoch=2}}
2026-09-25T07:40:53.840+07:00  INFO 29860 --- [nexbid] [fications-1-C-1] o.a.k.c.c.internals.SubscriptionState    : [Consumer clientId=consumer-nexbid-notifications-2, groupId=nexbid-notifications] Resetting offset for partition nexbid.payments-1 to position FetchPosition{offset=0, offsetEpoch=Optional.empty, currentLeader=LeaderAndEpoch{leader=Optional[127.0.0.1:59092 (id: 1 rack: null isFenced: false)], epoch=2}}.
2026-09-25T07:40:53.840+07:00  INFO 29860 --- [nexbid] [fications-1-C-1] o.s.k.l.KafkaMessageListenerContainer    : nexbid-notifications: partitions assigned: [nexbid.auctions-1, nexbid.payments-1]
2026-09-25T07:40:53.921+07:00  INFO 29860 --- [nexbid] [fications-2-C-1] o.a.k.c.c.internals.SubscriptionState    : [Consumer clientId=consumer-nexbid-notifications-3, groupId=nexbid-notifications] Resetting offset for partition nexbid.payments-2 to position FetchPosition{offset=0, offsetEpoch=Optional.empty, currentLeader=LeaderAndEpoch{leader=Optional[127.0.0.1:59092 (id: 1 rack: null isFenced: false)], epoch=2}}.
2026-09-25T07:40:53.921+07:00  INFO 29860 --- [nexbid] [fications-2-C-1] o.a.k.c.c.internals.SubscriptionState    : [Consumer clientId=consumer-nexbid-notifications-3, groupId=nexbid-notifications] Resetting offset for partition nexbid.auctions-2 to position FetchPosition{offset=0, offsetEpoch=Optional.empty, currentLeader=LeaderAndEpoch{leader=Optional[127.0.0.1:59092 (id: 1 rack: null isFenced: false)], epoch=2}}.
2026-09-25T07:40:53.921+07:00  INFO 29860 --- [nexbid] [fications-2-C-1] o.s.k.l.KafkaMessageListenerContainer    : nexbid-notifications: partitions assigned: [nexbid.auctions-2, nexbid.payments-2]
2026-09-25T07:40:54.331+07:00  INFO 29860 --- [nexbid] [d-notifications] o.a.k.c.c.internals.SubscriptionState    : [Consumer clientId=consumer-nexbid-notifications-1, groupId=nexbid-notifications] Resetting offset for partition nexbid.payments-0 to position FetchPosition{offset=0, offsetEpoch=Optional.empty, currentLeader=LeaderAndEpoch{leader=Optional[127.0.0.1:59092 (id: 1 rack: null isFenced: false)], epoch=2}}.
2026-09-25T07:40:54.331+07:00  INFO 29860 --- [nexbid] [d-notifications] o.a.k.c.c.internals.SubscriptionState    : [Consumer clientId=consumer-nexbid-notifications-1, groupId=nexbid-notifications] Resetting offset for partition nexbid.auctions-0 to position FetchPosition{offset=0, offsetEpoch=Optional.empty, currentLeader=LeaderAndEpoch{leader=Optional[127.0.0.1:59092 (id: 1 rack: null isFenced: false)], epoch=2}}.
2026-09-25T07:40:54.331+07:00  INFO 29860 --- [nexbid] [fications-0-C-1] o.s.k.l.KafkaMessageListenerContainer    : nexbid-notifications: partitions assigned: [nexbid.auctions-0, nexbid.payments-0]
2026-09-25T07:41:12.842+07:00  INFO 29860 --- [nexbid] [MessageBroker-1] o.s.w.s.c.WebSocketMessageBrokerStats    : WebSocketSession[0 current WS(0)-HttpStream(0)-HttpPoll(0), 0 total, 0 closed abnormally (0 connect failure, 0 send limit, 0 transport error)], stompSubProtocol[processed CONNECT(0)-CONNECTED(0)-DISCONNECT(0)], stompBrokerRelay[null], inboundChannel[pool size = 0, active threads = 0, queued tasks = 0, completed tasks = 0], outboundChannel[pool size = 0, active threads = 0, queued tasks = 0, completed tasks = 0], sockJsScheduler[pool size = 16, active threads = 1, queued tasks = 6, completed tasks = 15]
2026-09-25T07:41:19.256+07:00  INFO 29860 --- [nexbid] [fications-0-C-1] org.apache.kafka.clients.NetworkClient   : [Consumer clientId=consumer-nexbid-notifications-1, groupId=nexbid-notifications] Node 1 disconnected.
2026-09-25T07:41:19.256+07:00  INFO 29860 --- [nexbid] [xbid-producer-1] org.apache.kafka.clients.NetworkClient   : [Producer clientId=nexbid-producer-1] Node 1 disconnected.
2026-09-25T07:41:19.256+07:00  INFO 29860 --- [nexbid] [fications-2-C-1] org.apache.kafka.clients.NetworkClient   : [Consumer clientId=consumer-nexbid-notifications-3, groupId=nexbid-notifications] Node -1 disconnected.
2026-09-25T07:41:19.256+07:00  INFO 29860 --- [nexbid] [fications-0-C-1] org.apache.kafka.clients.NetworkClient   : [Consumer clientId=consumer-nexbid-notifications-1, groupId=nexbid-notifications] Cancelled in-flight FETCH request with correlation id 327 due to node 1 being disconnected (elapsed time since creation: 1ms, elapsed time since send: 1ms, throttle time: 0ms, request timeout: 30000ms)
2026-09-25T07:41:19.256+07:00  INFO 29860 --- [nexbid] [fications-1-C-1] org.apache.kafka.clients.NetworkClient   : [Consumer clientId=consumer-nexbid-notifications-2, groupId=nexbid-notifications] Node 1 disconnected.
2026-09-25T07:41:19.256+07:00  INFO 29860 --- [nexbid] [fications-2-C-1] org.apache.kafka.clients.NetworkClient   : [Consumer clientId=consumer-nexbid-notifications-3, groupId=nexbid-notifications] Node 2147483646 disconnected.
2026-09-25T07:41:19.256+07:00  INFO 29860 --- [nexbid] [fications-0-C-1] o.a.kafka.clients.FetchSessionHandler    : [Consumer clientId=consumer-nexbid-notifications-1, groupId=nexbid-notifications] Error sending fetch request (sessionId=337747796, epoch=138) to node 1:

org.apache.kafka.common.errors.DisconnectException

2026-09-25T07:41:19.256+07:00  INFO 29860 --- [nexbid] [fications-1-C-1] org.apache.kafka.clients.NetworkClient   : [Consumer clientId=consumer-nexbid-notifications-2, groupId=nexbid-notifications] Cancelled in-flight FETCH request with correlation id 330 due to node 1 being disconnected (elapsed time since creation: 1ms, elapsed time since send: 1ms, throttle time: 0ms, request timeout: 30000ms)
2026-09-25T07:41:19.256+07:00  INFO 29860 --- [nexbid] [xbid-producer-1] org.apache.kafka.clients.Metadata        : [Producer clientId=nexbid-producer-1] Rebootstrapping with [/127.0.0.1:59092]
2026-09-25T07:41:19.256+07:00  INFO 29860 --- [nexbid] [fications-1-C-1] org.apache.kafka.clients.NetworkClient   : [Consumer clientId=consumer-nexbid-notifications-2, groupId=nexbid-notifications] Node -1 disconnected.
2026-09-25T07:41:19.256+07:00  INFO 29860 --- [nexbid] [fications-2-C-1] o.a.k.c.c.internals.ConsumerCoordinator  : [Consumer clientId=consumer-nexbid-notifications-3, groupId=nexbid-notifications] Group coordinator 127.0.0.1:59092 (id: 2147483646 rack: null isFenced: false) is unavailable or invalid due to cause: coordinator unavailable. isDisconnected: true. Rediscovery will be attempted.
2026-09-25T07:41:19.256+07:00  INFO 29860 --- [nexbid] [fications-1-C-1] o.a.kafka.clients.FetchSessionHandler    : [Consumer clientId=consumer-nexbid-notifications-2, groupId=nexbid-notifications] Error sending fetch request (sessionId=761722487, epoch=135) to node 1:

org.apache.kafka.common.errors.DisconnectException

2026-09-25T07:41:19.256+07:00  INFO 29860 --- [nexbid] [xbid-producer-1] org.apache.kafka.clients.NetworkClient   : [Producer clientId=nexbid-producer-1] Node -1 disconnected.
2026-09-25T07:41:19.256+07:00  INFO 29860 --- [nexbid] [xbid-producer-1] org.apache.kafka.clients.NetworkClient   : [Producer clientId=nexbid-producer-1] Cancelled in-flight METADATA request with correlation id 18 due to node -1 being disconnected (elapsed time since creation: 0ms, elapsed time since send: 0ms, throttle time: 0ms, request timeout: 3000ms)
2026-09-25T07:41:19.256+07:00  INFO 29860 --- [nexbid] [fications-1-C-1] org.apache.kafka.clients.NetworkClient   : [Consumer clientId=consumer-nexbid-notifications-2, groupId=nexbid-notifications] Node 2147483646 disconnected.
2026-09-25T07:41:19.256+07:00  INFO 29860 --- [nexbid] [fications-0-C-1] org.apache.kafka.clients.NetworkClient   : [Consumer clientId=consumer-nexbid-notifications-1, groupId=nexbid-notifications] Node -1 disconnected.
2026-09-25T07:41:19.256+07:00  WARN 29860 --- [nexbid] [xbid-producer-1] org.apache.kafka.clients.NetworkClient   : [Producer clientId=nexbid-producer-1] Bootstrap broker 127.0.0.1:59092 (id: -1 rack: null isFenced: false) disconnected
2026-09-25T07:41:19.256+07:00  INFO 29860 --- [nexbid] [fications-1-C-1] o.a.k.c.c.internals.ConsumerCoordinator  : [Consumer clientId=consumer-nexbid-notifications-2, groupId=nexbid-notifications] Group coordinator 127.0.0.1:59092 (id: 2147483646 rack: null isFenced: false) is unavailable or invalid due to cause: coordinator unavailable. isDisconnected: true. Rediscovery will be attempted.
2026-09-25T07:41:19.256+07:00  INFO 29860 --- [nexbid] [fications-0-C-1] org.apache.kafka.clients.NetworkClient   : [Consumer clientId=consumer-nexbid-notifications-1, groupId=nexbid-notifications] Node 2147483646 disconnected.
2026-09-25T07:41:19.256+07:00  INFO 29860 --- [nexbid] [fications-0-C-1] o.a.k.c.c.internals.ConsumerCoordinator  : [Consumer clientId=consumer-nexbid-notifications-1, groupId=nexbid-notifications] Group coordinator 127.0.0.1:59092 (id: 2147483646 rack: null isFenced: false) is unavailable or invalid due to cause: coordinator unavailable. isDisconnected: true. Rediscovery will be attempted.
2026-09-25T07:41:19.257+07:00  INFO 29860 --- [nexbid] [fications-2-C-1] org.apache.kafka.clients.NetworkClient   : [Consumer clientId=consumer-nexbid-notifications-3, groupId=nexbid-notifications] Node 1 disconnected.
2026-09-25T07:41:19.257+07:00  INFO 29860 --- [nexbid] [fications-2-C-1] org.apache.kafka.clients.NetworkClient   : [Consumer clientId=consumer-nexbid-notifications-3, groupId=nexbid-notifications] Cancelled in-flight FETCH request with correlation id 433 due to node 1 being disconnected (elapsed time since creation: 2ms, elapsed time since send: 2ms, throttle time: 0ms, request timeout: 30000ms)
2026-09-25T07:41:19.257+07:00  INFO 29860 --- [nexbid] [fications-2-C-1] org.apache.kafka.clients.NetworkClient   : [Consumer clientId=consumer-nexbid-notifications-3, groupId=nexbid-notifications] Cancelled in-flight FIND_COORDINATOR request with correlation id 434 due to node 1 being disconnected (elapsed time since creation: 1ms, elapsed time since send: 1ms, throttle time: 0ms, request timeout: 30000ms)
2026-09-25T07:41:19.257+07:00  INFO 29860 --- [nexbid] [fications-2-C-1] o.a.kafka.clients.FetchSessionHandler    : [Consumer clientId=consumer-nexbid-notifications-3, groupId=nexbid-notifications] Error sending fetch request (sessionId=128598240, epoch=243) to node 1:

org.apache.kafka.common.errors.DisconnectException

2026-09-25T07:41:19.353+07:00  INFO 29860 --- [nexbid] [fications-0-C-1] org.apache.kafka.clients.NetworkClient   : [Consumer clientId=consumer-nexbid-notifications-1, groupId=nexbid-notifications] Node 1 disconnected.
2026-09-25T07:41:19.353+07:00  INFO 29860 --- [nexbid] [fications-0-C-1] org.apache.kafka.clients.NetworkClient   : [Consumer clientId=consumer-nexbid-notifications-1, groupId=nexbid-notifications] Cancelled in-flight API_VERSIONS request with correlation id 328 due to node 1 being disconnected (elapsed time since creation: 2ms, elapsed time since send: 2ms, throttle time: 0ms, request timeout: 30000ms)
2026-09-25T07:41:19.355+07:00  INFO 29860 --- [nexbid] [fications-2-C-1] org.apache.kafka.clients.NetworkClient   : [Consumer clientId=consumer-nexbid-notifications-3, groupId=nexbid-notifications] Node 1 disconnected.
2026-09-25T07:41:19.355+07:00  INFO 29860 --- [nexbid] [fications-2-C-1] org.apache.kafka.clients.NetworkClient   : [Consumer clientId=consumer-nexbid-notifications-3, groupId=nexbid-notifications] Cancelled in-flight API_VERSIONS request with correlation id 435 due to node 1 being disconnected (elapsed time since creation: 1ms, elapsed time since send: 1ms, throttle time: 0ms, request timeout: 30000ms)
2026-09-25T07:41:19.359+07:00  INFO 29860 --- [nexbid] [fications-1-C-1] org.apache.kafka.clients.NetworkClient   : [Consumer clientId=consumer-nexbid-notifications-2, groupId=nexbid-notifications] Node 1 disconnected.
2026-09-25T07:41:19.359+07:00  INFO 29860 --- [nexbid] [fications-1-C-1] org.apache.kafka.clients.NetworkClient   : [Consumer clientId=consumer-nexbid-notifications-2, groupId=nexbid-notifications] Cancelled in-flight API_VERSIONS request with correlation id 331 due to node 1 being disconnected (elapsed time since creation: 2ms, elapsed time since send: 2ms, throttle time: 0ms, request timeout: 30000ms)
2026-09-25T07:41:19.376+07:00  INFO 29860 --- [nexbid] [xbid-producer-1] org.apache.kafka.clients.NetworkClient   : [Producer clientId=nexbid-producer-1] Node -1 disconnected.
2026-09-25T07:41:19.376+07:00  INFO 29860 --- [nexbid] [xbid-producer-1] org.apache.kafka.clients.NetworkClient   : [Producer clientId=nexbid-producer-1] Cancelled in-flight API_VERSIONS request with correlation id 19 due to node -1 being disconnected (elapsed time since creation: 1ms, elapsed time since send: 1ms, throttle time: 0ms, request timeout: 3000ms)
2026-09-25T07:41:19.376+07:00  WARN 29860 --- [nexbid] [xbid-producer-1] org.apache.kafka.clients.NetworkClient   : [Producer clientId=nexbid-producer-1] Bootstrap broker 127.0.0.1:59092 (id: -1 rack: null isFenced: false) disconnected
2026-09-25T07:41:19.456+07:00  INFO 29860 --- [nexbid] [fications-2-C-1] org.apache.kafka.clients.Metadata        : [Consumer clientId=consumer-nexbid-notifications-3, groupId=nexbid-notifications] Rebootstrapping with [/127.0.0.1:59092]
2026-09-25T07:41:19.457+07:00  INFO 29860 --- [nexbid] [fications-2-C-1] org.apache.kafka.clients.NetworkClient   : [Consumer clientId=consumer-nexbid-notifications-3, groupId=nexbid-notifications] Node -1 disconnected.
2026-09-25T07:41:19.457+07:00  INFO 29860 --- [nexbid] [fications-2-C-1] org.apache.kafka.clients.NetworkClient   : [Consumer clientId=consumer-nexbid-notifications-3, groupId=nexbid-notifications] Cancelled in-flight API_VERSIONS request with correlation id 436 due to node -1 being disconnected (elapsed time since creation: 1ms, elapsed time since send: 1ms, throttle time: 0ms, request timeout: 30000ms)
2026-09-25T07:41:19.457+07:00  WARN 29860 --- [nexbid] [fications-2-C-1] org.apache.kafka.clients.NetworkClient   : [Consumer clientId=consumer-nexbid-notifications-3, groupId=nexbid-notifications] Bootstrap broker 127.0.0.1:59092 (id: -1 rack: null isFenced: false) disconnected
2026-09-25T07:41:19.458+07:00  INFO 29860 --- [nexbid] [fications-0-C-1] org.apache.kafka.clients.NetworkClient   : [Consumer clientId=consumer-nexbid-notifications-1, groupId=nexbid-notifications] Node 1 disconnected.
2026-09-25T07:41:19.458+07:00  INFO 29860 --- [nexbid] [fications-0-C-1] org.apache.kafka.clients.NetworkClient   : [Consumer clientId=consumer-nexbid-notifications-1, groupId=nexbid-notifications] Cancelled in-flight API_VERSIONS request with correlation id 329 due to node 1 being disconnected (elapsed time since creation: 1ms, elapsed time since send: 1ms, throttle time: 0ms, request timeout: 30000ms)
2026-09-25T07:41:19.459+07:00  INFO 29860 --- [nexbid] [fications-1-C-1] org.apache.kafka.clients.Metadata        : [Consumer clientId=consumer-nexbid-notifications-2, groupId=nexbid-notifications] Rebootstrapping with [/127.0.0.1:59092]
2026-09-25T07:41:19.461+07:00  INFO 29860 --- [nexbid] [fications-1-C-1] org.apache.kafka.clients.NetworkClient   : [Consumer clientId=consumer-nexbid-notifications-2, groupId=nexbid-notifications] Node -1 disconnected.
2026-09-25T07:41:19.461+07:00  INFO 29860 --- [nexbid] [fications-1-C-1] org.apache.kafka.clients.NetworkClient   : [Consumer clientId=consumer-nexbid-notifications-2, groupId=nexbid-notifications] Cancelled in-flight API_VERSIONS request with correlation id 332 due to node -1 being disconnected (elapsed time since creation: 1ms, elapsed time since send: 1ms, throttle time: 0ms, request timeout: 30000ms)
2026-09-25T07:41:19.461+07:00  WARN 29860 --- [nexbid] [fications-1-C-1] org.apache.kafka.clients.NetworkClient   : [Consumer clientId=consumer-nexbid-notifications-2, groupId=nexbid-notifications] Bootstrap broker 127.0.0.1:59092 (id: -1 rack: null isFenced: false) disconnected
2026-09-25T07:41:19.596+07:00  INFO 29860 --- [nexbid] [xbid-producer-1] org.apache.kafka.clients.NetworkClient   : [Producer clientId=nexbid-producer-1] Node -1 disconnected.
2026-09-25T07:41:19.596+07:00  INFO 29860 --- [nexbid] [xbid-producer-1] org.apache.kafka.clients.NetworkClient   : [Producer clientId=nexbid-producer-1] Cancelled in-flight API_VERSIONS request with correlation id 20 due to node -1 being disconnected (elapsed time since creation: 1ms, elapsed time since send: 1ms, throttle time: 0ms, request timeout: 3000ms)
2026-09-25T07:41:19.596+07:00  WARN 29860 --- [nexbid] [xbid-producer-1] org.apache.kafka.clients.NetworkClient   : [Producer clientId=nexbid-producer-1] Bootstrap broker 127.0.0.1:59092 (id: -1 rack: null isFenced: false) disconnected
2026-09-25T07:41:19.640+07:00  INFO 29860 --- [nexbid] [fications-2-C-1] org.apache.kafka.clients.NetworkClient   : [Consumer clientId=consumer-nexbid-notifications-3, groupId=nexbid-notifications] Node -1 disconnected.
2026-09-25T07:41:19.641+07:00  INFO 29860 --- [nexbid] [fications-2-C-1] org.apache.kafka.clients.NetworkClient   : [Consumer clientId=consumer-nexbid-notifications-3, groupId=nexbid-notifications] Cancelled in-flight API_VERSIONS request with correlation id 438 due to node -1 being disconnected (elapsed time since creation: 1ms, elapsed time since send: 1ms, throttle time: 0ms, request timeout: 30000ms)
2026-09-25T07:41:19.641+07:00  WARN 29860 --- [nexbid] [fications-2-C-1] org.apache.kafka.clients.NetworkClient   : [Consumer clientId=consumer-nexbid-notifications-3, groupId=nexbid-notifications] Bootstrap broker 127.0.0.1:59092 (id: -1 rack: null isFenced: false) disconnected
2026-09-25T07:41:19.659+07:00  INFO 29860 --- [nexbid] [fications-0-C-1] org.apache.kafka.clients.Metadata        : [Consumer clientId=consumer-nexbid-notifications-1, groupId=nexbid-notifications] Rebootstrapping with [/127.0.0.1:59092]
2026-09-25T07:41:19.661+07:00  INFO 29860 --- [nexbid] [fications-0-C-1] org.apache.kafka.clients.NetworkClient   : [Consumer clientId=consumer-nexbid-notifications-1, groupId=nexbid-notifications] Node -1 disconnected.
2026-09-25T07:41:19.661+07:00  INFO 29860 --- [nexbid] [fications-0-C-1] org.apache.kafka.clients.NetworkClient   : [Consumer clientId=consumer-nexbid-notifications-1, groupId=nexbid-notifications] Cancelled in-flight API_VERSIONS request with correlation id 330 due to node -1 being disconnected (elapsed time since creation: 1ms, elapsed time since send: 1ms, throttle time: 0ms, request timeout: 30000ms)
2026-09-25T07:41:19.661+07:00  WARN 29860 --- [nexbid] [fications-0-C-1] org.apache.kafka.clients.NetworkClient   : [Consumer clientId=consumer-nexbid-notifications-1, groupId=nexbid-notifications] Bootstrap broker 127.0.0.1:59092 (id: -1 rack: null isFenced: false) disconnected
2026-09-25T07:41:19.692+07:00  INFO 29860 --- [nexbid] [fications-1-C-1] org.apache.kafka.clients.NetworkClient   : [Consumer clientId=consumer-nexbid-notifications-2, groupId=nexbid-notifications] Node -1 disconnected.
2026-09-25T07:41:19.692+07:00  INFO 29860 --- [nexbid] [fications-1-C-1] org.apache.kafka.clients.NetworkClient   : [Consumer clientId=consumer-nexbid-notifications-2, groupId=nexbid-notifications] Cancelled in-flight API_VERSIONS request with correlation id 334 due to node -1 being disconnected (elapsed time since creation: 1ms, elapsed time since send: 1ms, throttle time: 0ms, request timeout: 30000ms)
2026-09-25T07:41:19.692+07:00  WARN 29860 --- [nexbid] [fications-1-C-1] org.apache.kafka.clients.NetworkClient   : [Consumer clientId=consumer-nexbid-notifications-2, groupId=nexbid-notifications] Bootstrap broker 127.0.0.1:59092 (id: -1 rack: null isFenced: false) disconnected
2026-09-25T07:41:19.692+07:00  INFO 29860 --- [nexbid] [fications-1-C-1] org.apache.kafka.clients.Metadata        : [Consumer clientId=consumer-nexbid-notifications-2, groupId=nexbid-notifications] Rebootstrapping with [/127.0.0.1:59092]
2026-09-25T07:41:19.742+07:00  INFO 29860 --- [nexbid] [fications-1-C-1] org.apache.kafka.clients.Metadata        : [Consumer clientId=consumer-nexbid-notifications-2, groupId=nexbid-notifications] Rebootstrapping with [/127.0.0.1:59092]
2026-09-25T07:41:19.842+07:00  INFO 29860 --- [nexbid] [fications-2-C-1] org.apache.kafka.clients.Metadata        : [Consumer clientId=consumer-nexbid-notifications-3, groupId=nexbid-notifications] Rebootstrapping with [/127.0.0.1:59092]
2026-09-25T07:41:19.852+07:00  INFO 29860 --- [nexbid] [fications-0-C-1] org.apache.kafka.clients.NetworkClient   : [Consumer clientId=consumer-nexbid-notifications-1, groupId=nexbid-notifications] Node -1 disconnected.
2026-09-25T07:41:19.852+07:00  INFO 29860 --- [nexbid] [fications-0-C-1] org.apache.kafka.clients.NetworkClient   : [Consumer clientId=consumer-nexbid-notifications-1, groupId=nexbid-notifications] Cancelled in-flight API_VERSIONS request with correlation id 332 due to node -1 being disconnected (elapsed time since creation: 1ms, elapsed time since send: 1ms, throttle time: 0ms, request timeout: 30000ms)
2026-09-25T07:41:19.852+07:00  WARN 29860 --- [nexbid] [fications-0-C-1] org.apache.kafka.clients.NetworkClient   : [Consumer clientId=consumer-nexbid-notifications-1, groupId=nexbid-notifications] Bootstrap broker 127.0.0.1:59092 (id: -1 rack: null isFenced: false) disconnected
2026-09-25T07:41:19.893+07:00  INFO 29860 --- [nexbid] [fications-2-C-1] org.apache.kafka.clients.NetworkClient   : [Consumer clientId=consumer-nexbid-notifications-3, groupId=nexbid-notifications] Node -1 disconnected.
2026-09-25T07:41:19.893+07:00  INFO 29860 --- [nexbid] [fications-2-C-1] org.apache.kafka.clients.NetworkClient   : [Consumer clientId=consumer-nexbid-notifications-3, groupId=nexbid-notifications] Cancelled in-flight API_VERSIONS request with correlation id 440 due to node -1 being disconnected (elapsed time since creation: 0ms, elapsed time since send: 0ms, throttle time: 0ms, request timeout: 30000ms)
2026-09-25T07:41:19.894+07:00  WARN 29860 --- [nexbid] [fications-2-C-1] org.apache.kafka.clients.NetworkClient   : [Consumer clientId=consumer-nexbid-notifications-3, groupId=nexbid-notifications] Bootstrap broker 127.0.0.1:59092 (id: -1 rack: null isFenced: false) disconnected
2026-09-25T07:41:20.025+07:00  INFO 29860 --- [nexbid] [xbid-producer-1] org.apache.kafka.clients.NetworkClient   : [Producer clientId=nexbid-producer-1] Node -1 disconnected.
2026-09-25T07:41:20.025+07:00  INFO 29860 --- [nexbid] [xbid-producer-1] org.apache.kafka.clients.NetworkClient   : [Producer clientId=nexbid-producer-1] Cancelled in-flight API_VERSIONS request with correlation id 21 due to node -1 being disconnected (elapsed time since creation: 3ms, elapsed time since send: 3ms, throttle time: 0ms, request timeout: 3000ms)
2026-09-25T07:41:20.025+07:00  WARN 29860 --- [nexbid] [xbid-producer-1] org.apache.kafka.clients.NetworkClient   : [Producer clientId=nexbid-producer-1] Bootstrap broker 127.0.0.1:59092 (id: -1 rack: null isFenced: false) disconnected
2026-09-25T07:41:20.025+07:00  INFO 29860 --- [nexbid] [xbid-producer-1] org.apache.kafka.clients.Metadata        : [Producer clientId=nexbid-producer-1] Rebootstrapping with [/127.0.0.1:59092]
2026-09-25T07:41:20.076+07:00  INFO 29860 --- [nexbid] [xbid-producer-1] org.apache.kafka.clients.Metadata        : [Producer clientId=nexbid-producer-1] Rebootstrapping with [/127.0.0.1:59092]
2026-09-25T07:41:20.126+07:00  INFO 29860 --- [nexbid] [xbid-producer-1] org.apache.kafka.clients.Metadata        : [Producer clientId=nexbid-producer-1] Rebootstrapping with [/127.0.0.1:59092]
2026-09-25T07:41:20.175+07:00  INFO 29860 --- [nexbid] [fications-1-C-1] org.apache.kafka.clients.NetworkClient   : [Consumer clientId=consumer-nexbid-notifications-2, groupId=nexbid-notifications] Node -1 disconnected.
2026-09-25T07:41:20.176+07:00  INFO 29860 --- [nexbid] [fications-1-C-1] org.apache.kafka.clients.NetworkClient   : [Consumer clientId=consumer-nexbid-notifications-2, groupId=nexbid-notifications] Cancelled in-flight API_VERSIONS request with correlation id 335 due to node -1 being disconnected (elapsed time since creation: 1ms, elapsed time since send: 1ms, throttle time: 0ms, request timeout: 30000ms)
2026-09-25T07:41:20.176+07:00  WARN 29860 --- [nexbid] [fications-1-C-1] org.apache.kafka.clients.NetworkClient   : [Consumer clientId=consumer-nexbid-notifications-2, groupId=nexbid-notifications] Bootstrap broker 127.0.0.1:59092 (id: -1 rack: null isFenced: false) disconnected
2026-09-25T07:41:20.176+07:00  INFO 29860 --- [nexbid] [xbid-producer-1] org.apache.kafka.clients.Metadata        : [Producer clientId=nexbid-producer-1] Rebootstrapping with [/127.0.0.1:59092]
2026-09-25T07:41:20.227+07:00  INFO 29860 --- [nexbid] [xbid-producer-1] org.apache.kafka.clients.Metadata        : [Producer clientId=nexbid-producer-1] Rebootstrapping with [/127.0.0.1:59092]
2026-09-25T07:41:20.277+07:00  INFO 29860 --- [nexbid] [xbid-producer-1] org.apache.kafka.clients.Metadata        : [Producer clientId=nexbid-producer-1] Rebootstrapping with [/127.0.0.1:59092]
2026-09-25T07:41:20.327+07:00  INFO 29860 --- [nexbid] [xbid-producer-1] org.apache.kafka.clients.Metadata        : [Producer clientId=nexbid-producer-1] Rebootstrapping with [/127.0.0.1:59092]
2026-09-25T07:41:20.378+07:00  INFO 29860 --- [nexbid] [fications-2-C-1] org.apache.kafka.clients.NetworkClient   : [Consumer clientId=consumer-nexbid-notifications-3, groupId=nexbid-notifications] Node -1 disconnected.
2026-09-25T07:41:20.378+07:00  INFO 29860 --- [nexbid] [fications-0-C-1] org.apache.kafka.clients.NetworkClient   : [Consumer clientId=consumer-nexbid-notifications-1, groupId=nexbid-notifications] Node -1 disconnected.
2026-09-25T07:41:20.378+07:00  INFO 29860 --- [nexbid] [fications-2-C-1] org.apache.kafka.clients.NetworkClient   : [Consumer clientId=consumer-nexbid-notifications-3, groupId=nexbid-notifications] Cancelled in-flight API_VERSIONS request with correlation id 441 due to node -1 being disconnected (elapsed time since creation: 65ms, elapsed time since send: 65ms, throttle time: 0ms, request timeout: 30000ms)
2026-09-25T07:41:20.378+07:00  INFO 29860 --- [nexbid] [fications-0-C-1] org.apache.kafka.clients.NetworkClient   : [Consumer clientId=consumer-nexbid-notifications-1, groupId=nexbid-notifications] Cancelled in-flight API_VERSIONS request with correlation id 333 due to node -1 being disconnected (elapsed time since creation: 134ms, elapsed time since send: 134ms, throttle time: 0ms, request timeout: 30000ms)
2026-09-25T07:41:20.378+07:00  WARN 29860 --- [nexbid] [fications-2-C-1] org.apache.kafka.clients.NetworkClient   : [Consumer clientId=consumer-nexbid-notifications-3, groupId=nexbid-notifications] Bootstrap broker 127.0.0.1:59092 (id: -1 rack: null isFenced: false) disconnected
2026-09-25T07:41:20.378+07:00  WARN 29860 --- [nexbid] [fications-0-C-1] org.apache.kafka.clients.NetworkClient   : [Consumer clientId=consumer-nexbid-notifications-1, groupId=nexbid-notifications] Bootstrap broker 127.0.0.1:59092 (id: -1 rack: null isFenced: false) disconnected
2026-09-25T07:41:20.381+07:00  INFO 29860 --- [nexbid] [xbid-producer-1] org.apache.kafka.clients.Metadata        : [Producer clientId=nexbid-producer-1] Rebootstrapping with [/127.0.0.1:59092]
2026-09-25T07:41:20.459+07:00  INFO 29860 --- [nexbid] [xbid-producer-1] org.apache.kafka.clients.NetworkClient   : [Producer clientId=nexbid-producer-1] Node -1 disconnected.
2026-09-25T07:41:20.459+07:00  WARN 29860 --- [nexbid] [xbid-producer-1] org.apache.kafka.clients.NetworkClient   : [Producer clientId=nexbid-producer-1] Connection to node -1 (/127.0.0.1:59092) could not be established. Node may not be available.
2026-09-25T07:41:20.459+07:00  WARN 29860 --- [nexbid] [xbid-producer-1] org.apache.kafka.clients.NetworkClient   : [Producer clientId=nexbid-producer-1] Bootstrap broker 127.0.0.1:59092 (id: -1 rack: null isFenced: false) disconnected
2026-09-25T07:41:20.598+07:00  INFO 29860 --- [nexbid] [fications-1-C-1] org.apache.kafka.clients.Metadata        : [Consumer clientId=consumer-nexbid-notifications-2, groupId=nexbid-notifications] Rebootstrapping with [/127.0.0.1:59092]
2026-09-25T07:41:20.675+07:00  INFO 29860 --- [nexbid] [fications-1-C-1] org.apache.kafka.clients.NetworkClient   : [Consumer clientId=consumer-nexbid-notifications-2, groupId=nexbid-notifications] Node -1 disconnected.
2026-09-25T07:41:20.675+07:00  WARN 29860 --- [nexbid] [fications-1-C-1] org.apache.kafka.clients.NetworkClient   : [Consumer clientId=consumer-nexbid-notifications-2, groupId=nexbid-notifications] Connection to node -1 (/127.0.0.1:59092) could not be established. Node may not be available.
2026-09-25T07:41:20.675+07:00  WARN 29860 --- [nexbid] [fications-1-C-1] org.apache.kafka.clients.NetworkClient   : [Consumer clientId=consumer-nexbid-notifications-2, groupId=nexbid-notifications] Bootstrap broker 127.0.0.1:59092 (id: -1 rack: null isFenced: false) disconnected
2026-09-25T07:41:20.875+07:00  INFO 29860 --- [nexbid] [fications-1-C-1] org.apache.kafka.clients.NetworkClient   : [Consumer clientId=consumer-nexbid-notifications-2, groupId=nexbid-notifications] Node 1 disconnected.
2026-09-25T07:41:20.875+07:00  WARN 29860 --- [nexbid] [fications-1-C-1] org.apache.kafka.clients.NetworkClient   : [Consumer clientId=consumer-nexbid-notifications-2, groupId=nexbid-notifications] Connection to node 1 (/127.0.0.1:59092) could not be established. Node may not be available.
2026-09-25T07:41:20.875+07:00  INFO 29860 --- [nexbid] [fications-1-C-1] o.a.kafka.clients.FetchSessionHandler    : [Consumer clientId=consumer-nexbid-notifications-2, groupId=nexbid-notifications] Error sending fetch request (sessionId=761722487, epoch=INITIAL) to node 1:

org.apache.kafka.common.errors.DisconnectException

2026-09-25T07:41:21.068+07:00  INFO 29860 --- [nexbid] [fications-0-C-1] org.apache.kafka.clients.NetworkClient   : [Consumer clientId=consumer-nexbid-notifications-1, groupId=nexbid-notifications] Node -1 disconnected.
2026-09-25T07:41:21.068+07:00  WARN 29860 --- [nexbid] [fications-0-C-1] org.apache.kafka.clients.NetworkClient   : [Consumer clientId=consumer-nexbid-notifications-1, groupId=nexbid-notifications] Connection to node -1 (/127.0.0.1:59092) could not be established. Node may not be available.
2026-09-25T07:41:21.068+07:00  WARN 29860 --- [nexbid] [fications-0-C-1] org.apache.kafka.clients.NetworkClient   : [Consumer clientId=consumer-nexbid-notifications-1, groupId=nexbid-notifications] Bootstrap broker 127.0.0.1:59092 (id: -1 rack: null isFenced: false) disconnected
2026-09-25T07:41:21.123+07:00  INFO 29860 --- [nexbid] [fications-2-C-1] org.apache.kafka.clients.Metadata        : [Consumer clientId=consumer-nexbid-notifications-3, groupId=nexbid-notifications] Rebootstrapping with [/127.0.0.1:59092]
2026-09-25T07:41:21.168+07:00  INFO 29860 --- [nexbid] [fications-0-C-1] org.apache.kafka.clients.Metadata        : [Consumer clientId=consumer-nexbid-notifications-1, groupId=nexbid-notifications] Rebootstrapping with [/127.0.0.1:59092]
2026-09-25T07:41:21.173+07:00  INFO 29860 --- [nexbid] [fications-2-C-1] org.apache.kafka.clients.Metadata        : [Consumer clientId=consumer-nexbid-notifications-3, groupId=nexbid-notifications] Rebootstrapping with [/127.0.0.1:59092]
2026-09-25T07:41:21.395+07:00  INFO 29860 --- [nexbid] [xbid-producer-1] org.apache.kafka.clients.NetworkClient   : [Producer clientId=nexbid-producer-1] Node -1 disconnected.
2026-09-25T07:41:21.395+07:00  WARN 29860 --- [nexbid] [xbid-producer-1] org.apache.kafka.clients.NetworkClient   : [Producer clientId=nexbid-producer-1] Connection to node -1 (/127.0.0.1:59092) could not be established. Node may not be available.
2026-09-25T07:41:21.395+07:00  WARN 29860 --- [nexbid] [xbid-producer-1] org.apache.kafka.clients.NetworkClient   : [Producer clientId=nexbid-producer-1] Bootstrap broker 127.0.0.1:59092 (id: -1 rack: null isFenced: false) disconnected
2026-09-25T07:41:21.424+07:00  INFO 29860 --- [nexbid] [fications-1-C-1] org.apache.kafka.clients.Metadata        : [Consumer clientId=consumer-nexbid-notifications-2, groupId=nexbid-notifications] Rebootstrapping with [/127.0.0.1:59092]
2026-09-25T07:41:21.475+07:00  INFO 29860 --- [nexbid] [fications-1-C-1] org.apache.kafka.clients.Metadata        : [Consumer clientId=consumer-nexbid-notifications-2, groupId=nexbid-notifications] Rebootstrapping with [/127.0.0.1:59092]
2026-09-25T07:41:21.638+07:00  INFO 29860 --- [nexbid] [fications-0-C-1] org.apache.kafka.clients.Metadata        : [Consumer clientId=consumer-nexbid-notifications-1, groupId=nexbid-notifications] Rebootstrapping with [/127.0.0.1:59092]
2026-09-25T07:41:21.662+07:00  INFO 29860 --- [nexbid] [fications-1-C-1] org.apache.kafka.clients.NetworkClient   : [Consumer clientId=consumer-nexbid-notifications-2, groupId=nexbid-notifications] Node -1 disconnected.
2026-09-25T07:41:21.662+07:00  WARN 29860 --- [nexbid] [fications-1-C-1] org.apache.kafka.clients.NetworkClient   : [Consumer clientId=consumer-nexbid-notifications-2, groupId=nexbid-notifications] Connection to node -1 (/127.0.0.1:59092) could not be established. Node may not be available.
2026-09-25T07:41:21.662+07:00  WARN 29860 --- [nexbid] [fications-1-C-1] org.apache.kafka.clients.NetworkClient   : [Consumer clientId=consumer-nexbid-notifications-2, groupId=nexbid-notifications] Bootstrap broker 127.0.0.1:59092 (id: -1 rack: null isFenced: false) disconnected
2026-09-25T07:41:21.689+07:00  INFO 29860 --- [nexbid] [fications-0-C-1] org.apache.kafka.clients.Metadata        : [Consumer clientId=consumer-nexbid-notifications-1, groupId=nexbid-notifications] Rebootstrapping with [/127.0.0.1:59092]
2026-09-25T07:41:21.950+07:00  INFO 29860 --- [nexbid] [fications-2-C-1] org.apache.kafka.clients.NetworkClient   : [Consumer clientId=consumer-nexbid-notifications-3, groupId=nexbid-notifications] Node -1 disconnected.
2026-09-25T07:41:21.950+07:00  WARN 29860 --- [nexbid] [fications-2-C-1] org.apache.kafka.clients.NetworkClient   : [Consumer clientId=consumer-nexbid-notifications-3, groupId=nexbid-notifications] Connection to node -1 (/127.0.0.1:59092) could not be established. Node may not be available.
2026-09-25T07:41:21.950+07:00  WARN 29860 --- [nexbid] [fications-2-C-1] org.apache.kafka.clients.NetworkClient   : [Consumer clientId=consumer-nexbid-notifications-3, groupId=nexbid-notifications] Bootstrap broker 127.0.0.1:59092 (id: -1 rack: null isFenced: false) disconnected
2026-09-25T07:41:22.395+07:00  INFO 29860 --- [nexbid] [fications-0-C-1] org.apache.kafka.clients.NetworkClient   : [Consumer clientId=consumer-nexbid-notifications-1, groupId=nexbid-notifications] Node -1 disconnected.
2026-09-25T07:41:22.395+07:00  WARN 29860 --- [nexbid] [fications-0-C-1] org.apache.kafka.clients.NetworkClient   : [Consumer clientId=consumer-nexbid-notifications-1, groupId=nexbid-notifications] Connection to node -1 (/127.0.0.1:59092) could not be established. Node may not be available.
2026-09-25T07:41:22.395+07:00  WARN 29860 --- [nexbid] [fications-0-C-1] org.apache.kafka.clients.NetworkClient   : [Consumer clientId=consumer-nexbid-notifications-1, groupId=nexbid-notifications] Bootstrap broker 127.0.0.1:59092 (id: -1 rack: null isFenced: false) disconnected
2026-09-25T07:41:22.414+07:00  INFO 29860 --- [nexbid] [xbid-producer-1] org.apache.kafka.clients.NetworkClient   : [Producer clientId=nexbid-producer-1] Node -1 disconnected.
2026-09-25T07:41:22.414+07:00  WARN 29860 --- [nexbid] [xbid-producer-1] org.apache.kafka.clients.NetworkClient   : [Producer clientId=nexbid-producer-1] Connection to node -1 (/127.0.0.1:59092) could not be established. Node may not be available.
2026-09-25T07:41:22.414+07:00  WARN 29860 --- [nexbid] [xbid-producer-1] org.apache.kafka.clients.NetworkClient   : [Producer clientId=nexbid-producer-1] Bootstrap broker 127.0.0.1:59092 (id: -1 rack: null isFenced: false) disconnected
2026-09-25T07:41:22.571+07:00  INFO 29860 --- [nexbid] [fications-1-C-1] org.apache.kafka.clients.Metadata        : [Consumer clientId=consumer-nexbid-notifications-2, groupId=nexbid-notifications] Rebootstrapping with [/127.0.0.1:59092]
2026-09-25T07:41:22.618+07:00 ERROR 29860 --- [nexbid] [   outbox-relay] o.s.k.support.LoggingProducerListener    : Exception thrown when sending a message with key='4761d45e-0a0d-4a65-acae-bdceec078084' and payload='{"placed":{"bid":{"id":"603cabdf-8866-4e5c-8b2a-e3474155fcc1","auctionId":"4761d45e-0a0d-4a65-acae-b...' to topic nexbid.auctions:

org.apache.kafka.common.errors.TimeoutException: Topic nexbid.auctions not present in metadata after 2000 ms.

2026-09-25T07:41:22.620+07:00  WARN 29860 --- [nexbid] [   outbox-relay] c.n.infrastructure.kafka.OutboxRelay     : Kafka unavailable, events wait in the outbox for PT10S: Send failed
2026-09-25T07:41:22.940+07:00  INFO 29860 --- [nexbid] [fications-2-C-1] org.apache.kafka.clients.NetworkClient   : [Consumer clientId=consumer-nexbid-notifications-3, groupId=nexbid-notifications] Node -1 disconnected.
2026-09-25T07:41:22.940+07:00  WARN 29860 --- [nexbid] [fications-2-C-1] org.apache.kafka.clients.NetworkClient   : [Consumer clientId=consumer-nexbid-notifications-3, groupId=nexbid-notifications] Connection to node -1 (/127.0.0.1:59092) could not be established. Node may not be available.
2026-09-25T07:41:22.940+07:00  WARN 29860 --- [nexbid] [fications-2-C-1] org.apache.kafka.clients.NetworkClient   : [Consumer clientId=consumer-nexbid-notifications-3, groupId=nexbid-notifications] Bootstrap broker 127.0.0.1:59092 (id: -1 rack: null isFenced: false) disconnected
2026-09-25T07:41:23.092+07:00  INFO 29860 --- [nexbid] [fications-1-C-1] org.apache.kafka.clients.NetworkClient   : [Consumer clientId=consumer-nexbid-notifications-2, groupId=nexbid-notifications] Node -1 disconnected.
2026-09-25T07:41:23.092+07:00  WARN 29860 --- [nexbid] [fications-1-C-1] org.apache.kafka.clients.NetworkClient   : [Consumer clientId=consumer-nexbid-notifications-2, groupId=nexbid-notifications] Connection to node -1 (/127.0.0.1:59092) could not be established. Node may not be available.
2026-09-25T07:41:23.092+07:00  WARN 29860 --- [nexbid] [fications-1-C-1] org.apache.kafka.clients.NetworkClient   : [Consumer clientId=consumer-nexbid-notifications-2, groupId=nexbid-notifications] Bootstrap broker 127.0.0.1:59092 (id: -1 rack: null isFenced: false) disconnected
2026-09-25T07:41:23.405+07:00  INFO 29860 --- [nexbid] [fications-0-C-1] org.apache.kafka.clients.NetworkClient   : [Consumer clientId=consumer-nexbid-notifications-1, groupId=nexbid-notifications] Node -1 disconnected.
2026-09-25T07:41:23.405+07:00  WARN 29860 --- [nexbid] [fications-0-C-1] org.apache.kafka.clients.NetworkClient   : [Consumer clientId=consumer-nexbid-notifications-1, groupId=nexbid-notifications] Connection to node -1 (/127.0.0.1:59092) could not be established. Node may not be available.
2026-09-25T07:41:23.405+07:00  WARN 29860 --- [nexbid] [fications-0-C-1] org.apache.kafka.clients.NetworkClient   : [Consumer clientId=consumer-nexbid-notifications-1, groupId=nexbid-notifications] Bootstrap broker 127.0.0.1:59092 (id: -1 rack: null isFenced: false) disconnected
2026-09-25T07:41:23.418+07:00  INFO 29860 --- [nexbid] [xbid-producer-1] org.apache.kafka.clients.NetworkClient   : [Producer clientId=nexbid-producer-1] Node -1 disconnected.
2026-09-25T07:41:23.418+07:00  WARN 29860 --- [nexbid] [xbid-producer-1] org.apache.kafka.clients.NetworkClient   : [Producer clientId=nexbid-producer-1] Connection to node -1 (/127.0.0.1:59092) could not be established. Node may not be available.
2026-09-25T07:41:23.418+07:00  WARN 29860 --- [nexbid] [xbid-producer-1] org.apache.kafka.clients.NetworkClient   : [Producer clientId=nexbid-producer-1] Bootstrap broker 127.0.0.1:59092 (id: -1 rack: null isFenced: false) disconnected
2026-09-25T07:41:23.558+07:00  INFO 29860 --- [nexbid] [fications-0-C-1] org.apache.kafka.clients.NetworkClient   : [Consumer clientId=consumer-nexbid-notifications-1, groupId=nexbid-notifications] Node 1 disconnected.
2026-09-25T07:41:23.560+07:00  WARN 29860 --- [nexbid] [fications-0-C-1] org.apache.kafka.clients.NetworkClient   : [Consumer clientId=consumer-nexbid-notifications-1, groupId=nexbid-notifications] Connection to node 1 (/127.0.0.1:59092) could not be established. Node may not be available.
2026-09-25T07:41:23.560+07:00  INFO 29860 --- [nexbid] [fications-0-C-1] o.a.kafka.clients.FetchSessionHandler    : [Consumer clientId=consumer-nexbid-notifications-1, groupId=nexbid-notifications] Error sending fetch request (sessionId=337747796, epoch=INITIAL) to node 1:

org.apache.kafka.common.errors.DisconnectException

2026-09-25T07:41:23.585+07:00  INFO 29860 --- [nexbid] [fications-2-C-1] org.apache.kafka.clients.NetworkClient   : [Consumer clientId=consumer-nexbid-notifications-3, groupId=nexbid-notifications] Node 1 disconnected.
2026-09-25T07:41:23.585+07:00  WARN 29860 --- [nexbid] [fications-2-C-1] org.apache.kafka.clients.NetworkClient   : [Consumer clientId=consumer-nexbid-notifications-3, groupId=nexbid-notifications] Connection to node 1 (/127.0.0.1:59092) could not be established. Node may not be available.
2026-09-25T07:41:23.585+07:00  INFO 29860 --- [nexbid] [fications-2-C-1] o.a.kafka.clients.FetchSessionHandler    : [Consumer clientId=consumer-nexbid-notifications-3, groupId=nexbid-notifications] Error sending fetch request (sessionId=128598240, epoch=INITIAL) to node 1:

org.apache.kafka.common.errors.DisconnectException

2026-09-25T07:41:23.952+07:00  INFO 29860 --- [nexbid] [fications-2-C-1] org.apache.kafka.clients.NetworkClient   : [Consumer clientId=consumer-nexbid-notifications-3, groupId=nexbid-notifications] Node -1 disconnected.
2026-09-25T07:41:23.952+07:00  WARN 29860 --- [nexbid] [fications-2-C-1] org.apache.kafka.clients.NetworkClient   : [Consumer clientId=consumer-nexbid-notifications-3, groupId=nexbid-notifications] Connection to node -1 (/127.0.0.1:59092) could not be established. Node may not be available.
2026-09-25T07:41:23.952+07:00  WARN 29860 --- [nexbid] [fications-2-C-1] org.apache.kafka.clients.NetworkClient   : [Consumer clientId=consumer-nexbid-notifications-3, groupId=nexbid-notifications] Bootstrap broker 127.0.0.1:59092 (id: -1 rack: null isFenced: false) disconnected
[INFO] ------------------------------------------------------------------------
[INFO] BUILD FAILURE
[INFO] ------------------------------------------------------------------------
[INFO] Total time:  01:28 min
[INFO] Finished at: 2026-09-25T07:41:24+07:00
[INFO] ------------------------------------------------------------------------
[ERROR] Failed to execute goal org.springframework.boot:spring-boot-maven-plugin:4.1.1:run (default-cli) on project nexbid: Process terminated with exit code: -1 -> [Help 1]
[ERROR] 
[ERROR] To see the full stack trace of the errors, re-run Maven with the -e switch.
[ERROR] Re-run Maven using the -X switch to enable full debug logging.
[ERROR] 
[ERROR] For more information about the errors and possible solutions, please read the following articles:
[ERROR] [Help 1] http://cwiki.apache.org/confluence/display/MAVEN/MojoExecutionException
